topology,trial,family,beta,gamma,initial_spreaders,t10,t50,reached_10,reached_50,peak_infected,final_size,active_spreader_auc,unique_exposed_fraction,attempted_exposures,repeat_exposures,successful_transmissions,duration,protected_fraction
ER,5,beta_gamma,0.005,0.05,5,,,0.0,0.0,8.0,0.031,739.0,0.159,3853.0,3694.0,26.0,182.0,0.0
ER,5,beta_gamma,0.005,0.1,5,,,0.0,0.0,5.0,0.005,38.0,0.022,158.0,136.0,0.0,18.0,0.0
ER,5,beta_gamma,0.01,0.05,5,,,0.0,0.0,8.0,0.015,312.0,0.077,1613.0,1536.0,10.0,85.0,0.0
ER,5,beta_gamma,0.01,0.1,5,,,0.0,0.0,5.0,0.008,88.0,0.045,546.0,501.0,3.0,37.0,0.0
ER,5,beta_gamma,0.02,0.05,5,63.0,112.0,1.0,1.0,182.0,0.681,13380.0,0.971,33768.0,32797.0,676.0,352.0,0.0
ER,5,beta_gamma,0.02,0.1,5,64.0,,1.0,0.0,34.0,0.269,2970.0,0.798,12011.0,11213.0,264.0,187.0,0.0
ER,5,beta_gamma,0.05,0.05,5,15.0,27.0,1.0,1.0,459.0,0.935,19409.0,0.99,19049.0,18059.0,930.0,158.0,0.0
ER,5,beta_gamma,0.05,0.1,5,43.0,64.0,1.0,1.0,183.0,0.811,7831.0,0.979,16962.0,15983.0,806.0,186.0,0.0
ER,5,beta_gamma,0.15,0.05,5,6.0,10.0,1.0,1.0,709.0,0.989,19473.0,0.991,7408.0,6417.0,984.0,163.0,0.0
ER,5,beta_gamma,0.15,0.1,5,6.0,10.0,1.0,1.0,573.0,0.974,9885.0,0.99,6966.0,5976.0,969.0,102.0,0.0
ER,5,seed_count,0.15,0.05,1,8.0,12.0,1.0,1.0,709.0,0.988,20209.0,0.995,7271.0,6276.0,987.0,156.0,0.0
ER,5,seed_count,0.15,0.05,5,7.0,12.0,1.0,1.0,719.0,0.99,19921.0,0.991,7271.0,6280.0,985.0,178.0,0.0
ER,5,seed_count,0.15,0.05,10,5.0,9.0,1.0,1.0,727.0,0.99,20558.0,0.986,7553.0,6567.0,980.0,140.0,0.0
ER,1,beta_gamma,0.005,0.05,5,,,0.0,0.0,15.0,0.041,923.0,0.209,4502.0,4293.0,36.0,142.0,0.0
ER,1,beta_gamma,0.005,0.1,5,,,0.0,0.0,5.0,0.007,54.0,0.042,335.0,293.0,2.0,23.0,0.0
ER,1,beta_gamma,0.01,0.05,5,,,0.0,0.0,19.0,0.059,1224.0,0.286,5403.0,5117.0,54.0,126.0,0.0
ER,1,beta_gamma,0.01,0.1,5,,,0.0,0.0,6.0,0.007,43.0,0.037,215.0,178.0,2.0,14.0,0.0
ER,1,beta_gamma,0.02,0.05,5,57.0,135.0,1.0,1.0,130.0,0.684,13758.0,0.977,33998.0,33021.0,679.0,316.0,0.0
ER,1,beta_gamma,0.02,0.1,5,64.0,,1.0,0.0,21.0,0.268,2830.0,0.798,12107.0,11309.0,263.0,226.0,0.0
ER,1,beta_gamma,0.05,0.05,5,17.0,31.0,1.0,1.0,453.0,0.952,19247.0,0.989,19122.0,18133.0,947.0,173.0,0.0
ER,1,beta_gamma,0.05,0.1,5,19.0,38.0,1.0,1.0,197.0,0.819,8167.0,0.987,16190.0,15203.0,814.0,102.0,0.0
ER,1,beta_gamma,0.15,0.05,5,6.0,10.0,1.0,1.0,717.0,0.99,19066.0,0.991,7307.0,6316.0,985.0,151.0,0.0
ER,1,beta_gamma,0.15,0.1,5,7.0,11.0,1.0,1.0,575.0,0.973,9670.0,0.99,7358.0,6368.0,968.0,74.0,0.0
ER,1,seed_count,0.15,0.05,1,10.0,14.0,1.0,1.0,746.0,0.992,20804.0,0.995,7306.0,6311.0,991.0,157.0,0.0
ER,1,seed_count,0.15,0.05,5,5.0,10.0,1.0,1.0,719.0,0.992,19546.0,0.991,7406.0,6415.0,987.0,130.0,0.0
ER,1,seed_count,0.15,0.05,10,5.0,9.0,1.0,1.0,714.0,0.991,20264.0,0.986,7213.0,6227.0,981.0,128.0,0.0
ER,0,beta_gamma,0.005,0.05,5,,,0.0,0.0,7.0,0.008,194.0,0.045,1053.0,1008.0,3.0,64.0,0.0
ER,0,beta_gamma,0.005,0.1,5,,,0.0,0.0,5.0,0.006,56.0,0.028,261.0,233.0,1.0,19.0,0.0
ER,0,beta_gamma,0.01,0.05,5,,,0.0,0.0,5.0,0.006,99.0,0.02,221.0,201.0,1.0,58.0,0.0
ER,0,beta_gamma,0.01,0.1,5,,,0.0,0.0,6.0,0.01,77.0,0.059,392.0,333.0,5.0,20.0,0.0
ER,0,beta_gamma,0.02,0.05,5,59.0,107.0,1.0,1.0,164.0,0.696,13193.0,0.974,33198.0,32224.0,691.0,252.0,0.0
ER,0,beta_gamma,0.02,0.1,5,77.0,,1.0,0.0,36.0,0.169,1597.0,0.631,6837.0,6206.0,164.0,144.0,0.0
ER,0,beta_gamma,0.05,0.05,5,19.0,36.0,1.0,1.0,408.0,0.94,18111.0,0.99,20227.0,19237.0,935.0,187.0,0.0
ER,0,beta_gamma,0.05,0.1,5,22.0,43.0,1.0,1.0,238.0,0.819,8456.0,0.984,16460.0,15476.0,814.0,138.0,0.0
ER,0,beta_gamma,0.15,0.05,5,5.0,9.0,1.0,1.0,724.0,0.985,19052.0,0.991,7339.0,6348.0,980.0,125.0,0.0
ER,0,beta_gamma,0.15,0.1,5,7.0,11.0,1.0,1.0,567.0,0.969,9315.0,0.991,7005.0,6014.0,964.0,67.0,0.0
ER,0,seed_count,0.15,0.05,1,11.0,15.0,1.0,1.0,708.0,0.991,19480.0,0.996,7354.0,6358.0,990.0,193.0,0.0
ER,0,seed_count,0.15,0.05,5,6.0,10.0,1.0,1.0,705.0,0.99,19098.0,0.991,7678.0,6687.0,985.0,175.0,0.0
ER,0,seed_count,0.15,0.05,10,5.0,9.0,1.0,1.0,703.0,0.987,19155.0,0.987,7439.0,6452.0,977.0,152.0,0.0
ER,2,beta_gamma,0.005,0.05,5,,,0.0,0.0,9.0,0.015,277.0,0.096,1285.0,1189.0,10.0,66.0,0.0
ER,2,beta_gamma,0.005,0.1,5,,,0.0,0.0,8.0,0.012,184.0,0.065,1027.0,962.0,7.0,73.0,0.0
ER,2,beta_gamma,0.01,0.05,5,,,0.0,0.0,6.0,0.008,204.0,0.034,544.0,510.0,3.0,108.0,0.0
ER,2,beta_gamma,0.01,0.1,5,,,0.0,0.0,5.0,0.007,82.0,0.044,508.0,464.0,2.0,28.0,0.0
ER,2,beta_gamma,0.02,0.05,5,41.0,107.0,1.0,1.0,132.0,0.722,14449.0,0.98,36706.0,35726.0,717.0,287.0,0.0
ER,2,beta_gamma,0.02,0.1,5,,,0.0,0.0,11.0,0.041,358.0,0.237,1987.0,1750.0,36.0,71.0,0.0
ER,2,beta_gamma,0.05,0.05,5,20.0,33.0,1.0,1.0,452.0,0.949,19273.0,0.993,19660.0,18667.0,944.0,200.0,0.0
ER,2,beta_gamma,0.05,0.1,5,18.0,35.0,1.0,1.0,230.0,0.803,7843.0,0.989,15807.0,14818.0,798.0,102.0,0.0
ER,2,beta_gamma,0.15,0.05,5,7.0,10.0,1.0,1.0,728.0,0.99,20397.0,0.993,7257.0,6264.0,985.0,145.0,0.0
ER,2,beta_gamma,0.15,0.1,5,8.0,11.0,1.0,1.0,584.0,0.982,9841.0,0.993,7313.0,6320.0,977.0,74.0,0.0
ER,2,seed_count,0.15,0.05,1,9.0,12.0,1.0,1.0,710.0,0.993,19855.0,0.997,7257.0,6260.0,992.0,133.0,0.0
ER,2,seed_count,0.15,0.05,5,5.0,10.0,1.0,1.0,734.0,0.992,20524.0,0.993,7790.0,6797.0,987.0,150.0,0.0
ER,2,seed_count,0.15,0.05,10,5.0,9.0,1.0,1.0,749.0,0.986,20716.0,0.987,7416.0,6429.0,976.0,181.0,0.0
ER,3,beta_gamma,0.005,0.05,5,,,0.0,0.0,5.0,0.007,131.0,0.046,689.0,643.0,2.0,61.0,0.0
ER,3,beta_gamma,0.005,0.1,5,,,0.0,0.0,5.0,0.007,100.0,0.047,528.0,481.0,2.0,34.0,0.0
ER,3,beta_gamma,0.01,0.05,5,,,0.0,0.0,7.0,0.022,336.0,0.127,1551.0,1424.0,17.0,99.0,0.0
ER,3,beta_gamma,0.01,0.1,5,,,0.0,0.0,5.0,0.007,60.0,0.034,297.0,263.0,2.0,28.0,0.0
ER,3,beta_gamma,0.02,0.05,5,93.0,153.0,1.0,1.0,169.0,0.716,14121.0,0.983,35129.0,34146.0,711.0,326.0,0.0
ER,3,beta_gamma,0.02,0.1,5,,,0.0,0.0,5.0,0.01,83.0,0.053,355.0,302.0,5.0,30.0,0.0
ER,3,beta_gamma,0.05,0.05,5,15.0,28.0,1.0,1.0,468.0,0.944,19260.0,0.994,19798.0,18804.0,939.0,169.0,0.0
ER,3,beta_gamma,0.05,0.1,5,21.0,42.0,1.0,1.0,215.0,0.815,8447.0,0.991,16856.0,15865.0,810.0,123.0,0.0
ER,3,beta_gamma,0.15,0.05,5,6.0,10.0,1.0,1.0,730.0,0.995,19803.0,0.994,7471.0,6477.0,990.0,137.0,0.0
ER,3,beta_gamma,0.15,0.1,5,6.0,10.0,1.0,1.0,565.0,0.978,9833.0,0.994,7188.0,6194.0,973.0,82.0,0.0
ER,3,seed_count,0.15,0.05,1,8.0,11.0,1.0,1.0,718.0,0.99,19154.0,0.998,7306.0,6308.0,989.0,178.0,0.0
ER,3,seed_count,0.15,0.05,5,8.0,12.0,1.0,1.0,730.0,0.993,20130.0,0.994,7384.0,6390.0,988.0,155.0,0.0
ER,3,seed_count,0.15,0.05,10,4.0,8.0,1.0,1.0,732.0,0.989,20529.0,0.989,7584.0,6595.0,979.0,155.0,0.0
ER,4,beta_gamma,0.005,0.05,5,,,0.0,0.0,11.0,0.025,643.0,0.143,3557.0,3414.0,20.0,134.0,0.0
ER,4,beta_gamma,0.005,0.1,5,,,0.0,0.0,6.0,0.012,170.0,0.061,807.0,746.0,7.0,68.0,0.0
ER,4,beta_gamma,0.01,0.05,5,,,0.0,0.0,6.0,0.021,504.0,0.107,2101.0,1994.0,16.0,142.0,0.0
ER,4,beta_gamma,0.01,0.1,5,,,0.0,0.0,9.0,0.013,153.0,0.072,744.0,672.0,8.0,29.0,0.0
ER,4,beta_gamma,0.02,0.05,5,109.0,176.0,1.0,1.0,149.0,0.692,14219.0,0.976,34824.0,33848.0,687.0,337.0,0.0
ER,4,beta_gamma,0.02,0.1,5,,,0.0,0.0,9.0,0.025,226.0,0.12,905.0,785.0,20.0,61.0,0.0
ER,4,beta_gamma,0.05,0.05,5,16.0,28.0,1.0,1.0,446.0,0.936,19259.0,0.989,18766.0,17777.0,931.0,191.0,0.0
ER,4,beta_gamma,0.05,0.1,5,25.0,41.0,1.0,1.0,221.0,0.778,7573.0,0.984,15452.0,14468.0,773.0,100.0,0.0
ER,4,beta_gamma,0.15,0.05,5,7.0,11.0,1.0,1.0,712.0,0.992,19988.0,0.993,7648.0,6655.0,987.0,178.0,0.0
ER,4,beta_gamma,0.15,0.1,5,6.0,10.0,1.0,1.0,577.0,0.976,9623.0,0.992,6982.0,5990.0,971.0,90.0,0.0
ER,4,seed_count,0.15,0.05,1,8.0,12.0,1.0,1.0,702.0,0.991,20101.0,0.997,7555.0,6558.0,990.0,166.0,0.0
ER,4,seed_count,0.15,0.05,5,7.0,12.0,1.0,1.0,693.0,0.99,18996.0,0.993,7583.0,6590.0,985.0,160.0,0.0
ER,4,seed_count,0.15,0.05,10,5.0,8.0,1.0,1.0,724.0,0.989,19850.0,0.987,7036.0,6049.0,979.0,163.0,0.0
ER,7,beta_gamma,0.005,0.05,5,,,0.0,0.0,6.0,0.012,168.0,0.083,1245.0,1162.0,7.0,66.0,0.0
ER,7,beta_gamma,0.005,0.1,5,,,0.0,0.0,6.0,0.006,44.0,0.043,317.0,274.0,1.0,14.0,0.0
ER,7,beta_gamma,0.01,0.05,5,,,0.0,0.0,17.0,0.095,2003.0,0.421,9745.0,9324.0,90.0,324.0,0.0
ER,7,beta_gamma,0.01,0.1,5,,,0.0,0.0,6.0,0.008,70.0,0.062,507.0,445.0,3.0,31.0,0.0
ER,7,beta_gamma,0.02,0.05,5,69.0,125.0,1.0,1.0,153.0,0.733,14360.0,0.984,35481.0,34497.0,728.0,295.0,0.0
ER,7,beta_gamma,0.02,0.1,5,,,0.0,0.0,7.0,0.022,199.0,0.137,1084.0,947.0,17.0,54.0,0.0
ER,7,beta_gamma,0.05,0.05,5,18.0,32.0,1.0,1.0,439.0,0.939,19221.0,0.989,20004.0,19015.0,934.0,174.0,0.0
ER,7,beta_gamma,0.05,0.1,5,23.0,39.0,1.0,1.0,248.0,0.804,7883.0,0.988,16365.0,15377.0,799.0,107.0,0.0
ER,7,beta_gamma,0.15,0.05,5,7.0,11.0,1.0,1.0,698.0,0.991,20453.0,0.991,7626.0,6635.0,986.0,186.0,0.0
ER,7,beta_gamma,0.15,0.1,5,6.0,10.0,1.0,1.0,555.0,0.974,9763.0,0.991,7365.0,6374.0,969.0,76.0,0.0
ER,7,seed_count,0.15,0.05,1,8.0,11.0,1.0,1.0,715.0,0.986,20933.0,0.995,7292.0,6297.0,985.0,160.0,0.0
ER,7,seed_count,0.15,0.05,5,5.0,9.0,1.0,1.0,732.0,0.991,19368.0,0.991,7519.0,6528.0,986.0,133.0,0.0
ER,7,seed_count,0.15,0.05,10,5.0,9.0,1.0,1.0,732.0,0.992,19949.0,0.985,7451.0,6466.0,982.0,155.0,0.0
ER,6,beta_gamma,0.005,0.05,5,,,0.0,0.0,6.0,0.009,207.0,0.047,1064.0,1017.0,4.0,82.0,0.0
ER,6,beta_gamma,0.005,0.1,5,,,0.0,0.0,5.0,0.006,44.0,0.044,339.0,295.0,1.0,17.0,0.0
ER,6,beta_gamma,0.01,0.05,5,,,0.0,0.0,7.0,0.012,216.0,0.066,1057.0,991.0,7.0,62.0,0.0
ER,6,beta_gamma,0.01,0.1,5,,,0.0,0.0,7.0,0.016,179.0,0.108,1189.0,1081.0,11.0,43.0,0.0
ER,6,beta_gamma,0.02,0.05,5,51.0,107.0,1.0,1.0,147.0,0.735,14827.0,0.979,37001.0,36022.0,730.0,319.0,0.0
ER,6,beta_gamma,0.02,0.1,5,,,0.0,0.0,12.0,0.033,317.0,0.211,1825.0,1614.0,28.0,74.0,0.0
ER,6,beta_gamma,0.05,0.05,5,14.0,27.0,1.0,1.0,475.0,0.952,19494.0,0.993,19041.0,18048.0,947.0,160.0,0.0
ER,6,beta_gamma,0.05,0.1,5,17.0,31.0,1.0,1.0,272.0,0.864,8698.0,0.99,16807.0,15817.0,859.0,110.0,0.0
ER,6,beta_gamma,0.15,0.05,5,6.0,10.0,1.0,1.0,725.0,0.991,18953.0,0.993,7531.0,6538.0,986.0,160.0,0.0
ER,6,beta_gamma,0.15,0.1,5,6.0,11.0,1.0,1.0,599.0,0.985,10091.0,0.993,7573.0,6580.0,980.0,76.0,0.0
ER,6,seed_count,0.15,0.05,1,9.0,13.0,1.0,1.0,728.0,0.99,19543.0,0.997,7633.0,6636.0,989.0,162.0,0.0
ER,6,seed_count,0.15,0.05,5,5.0,9.0,1.0,1.0,744.0,0.993,20230.0,0.993,7255.0,6262.0,988.0,167.0,0.0
ER,6,seed_count,0.15,0.05,10,5.0,10.0,1.0,1.0,735.0,0.993,20015.0,0.988,7709.0,6721.0,983.0,187.0,0.0
ER,9,beta_gamma,0.005,0.05,5,,,0.0,0.0,8.0,0.018,379.0,0.12,2550.0,2430.0,13.0,112.0,0.0
ER,9,beta_gamma,0.005,0.1,5,,,0.0,0.0,5.0,0.005,35.0,0.019,165.0,146.0,0.0,17.0,0.0
ER,9,beta_gamma,0.01,0.05,5,233.0,,1.0,0.0,16.0,0.13,2711.0,0.529,11845.0,11316.0,125.0,433.0,0.0
ER,9,beta_gamma,0.01,0.1,5,,,0.0,0.0,7.0,0.016,125.0,0.09,570.0,480.0,11.0,53.0,0.0
ER,9,beta_gamma,0.02,0.05,5,47.0,103.0,1.0,1.0,169.0,0.705,14443.0,0.974,35845.0,34871.0,700.0,251.0,0.0
ER,9,beta_gamma,0.02,0.1,5,,,0.0,0.0,12.0,0.047,415.0,0.269,2302.0,2033.0,42.0,74.0,0.0
ER,9,beta_gamma,0.05,0.05,5,17.0,29.0,1.0,1.0,438.0,0.945,18603.0,0.986,19546.0,18560.0,940.0,159.0,0.0
ER,9,beta_gamma,0.05,0.1,5,18.0,32.0,1.0,1.0,229.0,0.843,8411.0,0.982,16402.0,15420.0,838.0,107.0,0.0
ER,9,beta_gamma,0.15,0.05,5,6.0,10.0,1.0,1.0,719.0,0.985,19865.0,0.987,7519.0,6532.0,980.0,160.0,0.0
ER,9,beta_gamma,0.15,0.1,5,7.0,11.0,1.0,1.0,572.0,0.972,9371.0,0.987,6856.0,5869.0,967.0,67.0,0.0
ER,9,seed_count,0.15,0.05,1,8.0,12.0,1.0,1.0,737.0,0.988,20621.0,0.991,7393.0,6402.0,987.0,127.0,0.0
ER,9,seed_count,0.15,0.05,5,5.0,10.0,1.0,1.0,702.0,0.981,18098.0,0.987,7514.0,6527.0,976.0,148.0,0.0
ER,9,seed_count,0.15,0.05,10,4.0,8.0,1.0,1.0,737.0,0.99,19958.0,0.982,6999.0,6017.0,980.0,224.0,0.0
ER,10,beta_gamma,0.005,0.05,5,,,0.0,0.0,5.0,0.006,107.0,0.035,675.0,640.0,1.0,56.0,0.0
ER,10,beta_gamma,0.005,0.1,5,,,0.0,0.0,5.0,0.005,22.0,0.028,142.0,114.0,0.0,9.0,0.0
ER,10,beta_gamma,0.01,0.05,5,200.0,,1.0,0.0,21.0,0.122,2279.0,0.493,9797.0,9304.0,117.0,293.0,0.0
ER,10,beta_gamma,0.01,0.1,5,,,0.0,0.0,6.0,0.007,55.0,0.038,360.0,322.0,2.0,18.0,0.0
ER,10,beta_gamma,0.02,0.05,5,,,0.0,0.0,11.0,0.023,302.0,0.114,1234.0,1120.0,18.0,50.0,0.0
ER,10,beta_gamma,0.02,0.1,5,,,0.0,0.0,9.0,0.013,103.0,0.067,424.0,357.0,8.0,29.0,0.0
ER,10,beta_gamma,0.05,0.05,5,16.0,29.0,1.0,1.0,450.0,0.959,19136.0,0.993,19251.0,18258.0,954.0,163.0,0.0
ER,10,beta_gamma,0.05,0.1,5,16.0,31.0,1.0,1.0,274.0,0.799,7714.0,0.989,15807.0,14818.0,794.0,101.0,0.0
ER,10,beta_gamma,0.15,0.05,5,6.0,10.0,1.0,1.0,705.0,0.989,18573.0,0.994,6958.0,5964.0,984.0,155.0,0.0
ER,10,beta_gamma,0.15,0.1,5,7.0,11.0,1.0,1.0,538.0,0.971,9634.0,0.993,7395.0,6402.0,966.0,73.0,0.0
ER,10,seed_count,0.15,0.05,1,10.0,14.0,1.0,1.0,725.0,0.994,20551.0,0.998,7606.0,6608.0,993.0,180.0,0.0
ER,10,seed_count,0.15,0.05,5,6.0,10.0,1.0,1.0,709.0,0.993,19518.0,0.994,7615.0,6621.0,988.0,211.0,0.0
ER,10,seed_count,0.15,0.05,10,5.0,9.0,1.0,1.0,704.0,0.989,20082.0,0.989,7543.0,6554.0,979.0,175.0,0.0
ER,11,beta_gamma,0.005,0.05,5,,,0.0,0.0,6.0,0.017,325.0,0.098,1612.0,1514.0,12.0,107.0,0.0
ER,11,beta_gamma,0.005,0.1,5,,,0.0,0.0,5.0,0.005,31.0,0.031,231.0,200.0,0.0,12.0,0.0
ER,11,beta_gamma,0.01,0.05,5,,,0.0,0.0,16.0,0.046,860.0,0.215,3986.0,3771.0,41.0,128.0,0.0
ER,11,beta_gamma,0.01,0.1,5,,,0.0,0.0,5.0,0.005,29.0,0.032,209.0,177.0,0.0,13.0,0.0
ER,11,beta_gamma,0.02,0.05,5,46.0,110.0,1.0,1.0,137.0,0.612,11947.0,0.977,31854.0,30877.0,607.0,300.0,0.0
ER,11,beta_gamma,0.02,0.1,5,,,0.0,0.0,17.0,0.056,564.0,0.287,2876.0,2589.0,51.0,88.0,0.0
ER,11,beta_gamma,0.05,0.05,5,14.0,24.0,1.0,1.0,483.0,0.947,19657.0,0.991,18802.0,17811.0,942.0,158.0,0.0
ER,11,beta_gamma,0.05,0.1,5,17.0,33.0,1.0,1.0,244.0,0.815,8287.0,0.989,16545.0,15556.0,810.0,118.0,0.0
ER,11,beta_gamma,0.15,0.05,5,5.0,9.0,1.0,1.0,732.0,0.99,19972.0,0.992,7424.0,6432.0,985.0,150.0,0.0
ER,11,beta_gamma,0.15,0.1,5,5.0,9.0,1.0,1.0,576.0,0.978,9698.0,0.992,7073.0,6081.0,973.0,86.0,0.0
ER,11,seed_count,0.15,0.05,1,8.0,12.0,1.0,1.0,731.0,0.989,19644.0,0.996,7222.0,6226.0,988.0,165.0,0.0
ER,11,seed_count,0.15,0.05,5,6.0,10.0,1.0,1.0,722.0,0.99,20157.0,0.992,7482.0,6490.0,985.0,159.0,0.0
ER,11,seed_count,0.15,0.05,10,5.0,8.0,1.0,1.0,754.0,0.993,19658.0,0.988,7355.0,6367.0,983.0,152.0,0.0
ER,13,beta_gamma,0.005,0.05,5,,,0.0,0.0,5.0,0.007,101.0,0.042,657.0,615.0,2.0,47.0,0.0
ER,13,beta_gamma,0.005,0.1,5,,,0.0,0.0,5.0,0.005,32.0,0.025,144.0,119.0,0.0,11.0,0.0
ER,13,beta_gamma,0.01,0.05,5,175.0,,1.0,0.0,18.0,0.199,3796.0,0.709,18222.0,17513.0,194.0,448.0,0.0
ER,13,beta_gamma,0.01,0.1,5,,,0.0,0.0,5.0,0.005,39.0,0.028,220.0,192.0,0.0,15.0,0.0
ER,13,beta_gamma,0.02,0.05,5,56.0,116.0,1.0,1.0,158.0,0.69,14179.0,0.978,36536.0,35558.0,685.0,384.0,0.0
ER,13,beta_gamma,0.02,0.1,5,,,0.0,0.0,12.0,0.084,870.0,0.379,4539.0,4160.0,79.0,190.0,0.0
ER,13,beta_gamma,0.05,0.05,5,18.0,31.0,1.0,1.0,465.0,0.942,19720.0,0.992,20172.0,19180.0,937.0,161.0,0.0
ER,13,beta_gamma,0.05,0.1,5,18.0,35.0,1.0,1.0,227.0,0.769,7497.0,0.982,16215.0,15233.0,764.0,117.0,0.0
ER,13,beta_gamma,0.15,0.05,5,6.0,9.0,1.0,1.0,714.0,0.994,20018.0,0.994,7421.0,6427.0,989.0,147.0,0.0
ER,13,beta_gamma,0.15,0.1,5,8.0,12.0,1.0,1.0,562.0,0.981,9611.0,0.994,7298.0,6304.0,976.0,77.0,0.0
ER,13,seed_count,0.15,0.05,1,7.0,11.0,1.0,1.0,715.0,0.989,18944.0,0.997,6984.0,5987.0,988.0,133.0,0.0
ER,13,seed_count,0.15,0.05,5,6.0,10.0,1.0,1.0,700.0,0.994,19354.0,0.994,7319.0,6325.0,989.0,148.0,0.0
ER,13,seed_count,0.15,0.05,10,4.0,7.0,1.0,1.0,713.0,0.991,19010.0,0.989,7130.0,6141.0,981.0,122.0,0.0
ER,8,beta_gamma,0.005,0.05,5,,,0.0,0.0,5.0,0.006,50.0,0.035,262.0,227.0,1.0,23.0,0.0
ER,8,beta_gamma,0.005,0.1,5,,,0.0,0.0,6.0,0.008,50.0,0.048,322.0,274.0,3.0,18.0,0.0
ER,8,beta_gamma,0.01,0.05,5,,,0.0,0.0,6.0,0.011,157.0,0.052,791.0,739.0,6.0,64.0,0.0
ER,8,beta_gamma,0.01,0.1,5,,,0.0,0.0,7.0,0.012,162.0,0.065,867.0,802.0,7.0,40.0,0.0
ER,8,beta_gamma,0.02,0.05,5,38.0,110.0,1.0,1.0,131.0,0.685,13982.0,0.982,34140.0,33158.0,680.0,285.0,0.0
ER,8,beta_gamma,0.02,0.1,5,91.0,,1.0,0.0,26.0,0.242,2480.0,0.754,10214.0,9460.0,237.0,210.0,0.0
ER,8,beta_gamma,0.05,0.05,5,17.0,30.0,1.0,1.0,464.0,0.931,19111.0,0.992,19142.0,18150.0,926.0,221.0,0.0
ER,8,beta_gamma,0.05,0.1,5,15.0,32.0,1.0,1.0,237.0,0.804,8138.0,0.985,16241.0,15256.0,799.0,103.0,0.0
ER,8,beta_gamma,0.15,0.05,5,5.0,9.0,1.0,1.0,727.0,0.992,18508.0,0.993,7232.0,6239.0,987.0,109.0,0.0
ER,8,beta_gamma,0.15,0.1,5,6.0,10.0,1.0,1.0,567.0,0.979,9597.0,0.993,6870.0,5877.0,974.0,77.0,0.0
ER,8,seed_count,0.15,0.05,1,7.0,11.0,1.0,1.0,717.0,0.988,20695.0,0.997,7621.0,6624.0,987.0,164.0,0.0
ER,8,seed_count,0.15,0.05,5,6.0,10.0,1.0,1.0,743.0,0.993,19329.0,0.993,7481.0,6488.0,988.0,184.0,0.0
ER,8,seed_count,0.15,0.05,10,4.0,8.0,1.0,1.0,731.0,0.992,19284.0,0.988,6936.0,5948.0,982.0,132.0,0.0
ER,12,beta_gamma,0.005,0.05,5,,,0.0,0.0,5.0,0.01,216.0,0.072,1327.0,1255.0,5.0,66.0,0.0
ER,12,beta_gamma,0.005,0.1,5,,,0.0,0.0,5.0,0.006,85.0,0.029,397.0,368.0,1.0,41.0,0.0
ER,12,beta_gamma,0.01,0.05,5,,,0.0,0.0,9.0,0.047,905.0,0.241,4147.0,3906.0,42.0,161.0,0.0
ER,12,beta_gamma,0.01,0.1,5,,,0.0,0.0,5.0,0.009,86.0,0.046,430.0,384.0,4.0,36.0,0.0
ER,12,beta_gamma,0.02,0.05,5,41.0,86.0,1.0,1.0,199.0,0.742,15184.0,0.983,36273.0,35290.0,737.0,250.0,0.0
ER,12,beta_gamma,0.02,0.1,5,,,0.0,0.0,13.0,0.089,841.0,0.416,4045.0,3629.0,84.0,115.0,0.0
ER,12,beta_gamma,0.05,0.05,5,21.0,33.0,1.0,1.0,448.0,0.946,19001.0,0.991,19667.0,18676.0,941.0,237.0,0.0
ER,12,beta_gamma,0.05,0.1,5,24.0,40.0,1.0,1.0,253.0,0.83,8366.0,0.988,16164.0,15176.0,825.0,113.0,0.0
ER,12,beta_gamma,0.15,0.05,5,6.0,10.0,1.0,1.0,695.0,0.988,18944.0,0.991,7414.0,6423.0,983.0,132.0,0.0
ER,12,beta_gamma,0.15,0.1,5,6.0,10.0,1.0,1.0,598.0,0.978,9726.0,0.99,6963.0,5973.0,973.0,73.0,0.0
ER,12,seed_count,0.15,0.05,1,10.0,14.0,1.0,1.0,721.0,0.986,20166.0,0.995,7229.0,6234.0,985.0,177.0,0.0
ER,12,seed_count,0.15,0.05,5,5.0,8.0,1.0,1.0,748.0,0.992,20561.0,0.991,7179.0,6188.0,987.0,152.0,0.0
ER,12,seed_count,0.15,0.05,10,5.0,9.0,1.0,1.0,736.0,0.989,19468.0,0.987,7174.0,6187.0,979.0,150.0,0.0
ER,14,beta_gamma,0.005,0.05,5,,,0.0,0.0,5.0,0.007,108.0,0.033,503.0,470.0,2.0,37.0,0.0
ER,14,beta_gamma,0.005,0.1,5,,,0.0,0.0,5.0,0.005,51.0,0.037,333.0,296.0,0.0,39.0,0.0
ER,14,beta_gamma,0.01,0.05,5,,,0.0,0.0,8.0,0.02,333.0,0.104,1428.0,1324.0,15.0,75.0,0.0
ER,14,beta_gamma,0.01,0.1,5,,,0.0,0.0,5.0,0.007,38.0,0.043,240.0,197.0,2.0,13.0,0.0
ER,14,beta_gamma,0.02,0.05,5,42.0,96.0,1.0,1.0,185.0,0.728,15259.0,0.983,36476.0,35493.0,723.0,239.0,0.0
ER,14,beta_gamma,0.02,0.1,5,71.0,,1.0,0.0,22.0,0.187,1954.0,0.686,9071.0,8385.0,182.0,156.0,0.0
ER,14,beta_gamma,0.05,0.05,5,14.0,25.0,1.0,1.0,488.0,0.951,18994.0,0.993,19512.0,18519.0,946.0,154.0,0.0
ER,14,beta_gamma,0.05,0.1,5,13.0,30.0,1.0,1.0,219.0,0.833,7891.0,0.99,16633.0,15643.0,828.0,95.0,0.0
ER,14,beta_gamma,0.15,0.05,5,5.0,10.0,1.0,1.0,723.0,0.99,18723.0,0.993,7795.0,6802.0,985.0,133.0,0.0
ER,14,beta_gamma,0.15,0.1,5,8.0,11.0,1.0,1.0,603.0,0.988,9720.0,0.994,7436.0,6442.0,983.0,76.0,0.0
ER,14,seed_count,0.15,0.05,1,9.0,13.0,1.0,1.0,733.0,0.991,19763.0,0.998,7654.0,6656.0,990.0,149.0,0.0
ER,14,seed_count,0.15,0.05,5,5.0,9.0,1.0,1.0,744.0,0.99,19889.0,0.993,7502.0,6509.0,985.0,129.0,0.0
ER,14,seed_count,0.15,0.05,10,5.0,9.0,1.0,1.0,735.0,0.994,20713.0,0.989,7393.0,6404.0,984.0,206.0,0.0
ER,15,beta_gamma,0.005,0.05,5,,,0.0,0.0,6.0,0.013,221.0,0.084,1206.0,1122.0,8.0,81.0,0.0
ER,15,beta_gamma,0.005,0.1,5,,,0.0,0.0,5.0,0.005,53.0,0.032,332.0,300.0,0.0,17.0,0.0
ER,15,beta_gamma,0.01,0.05,5,,,0.0,0.0,18.0,0.066,1282.0,0.322,6264.0,5942.0,61.0,147.0,0.0
ER,15,beta_gamma,0.01,0.1,5,,,0.0,0.0,5.0,0.013,115.0,0.075,611.0,536.0,8.0,37.0,0.0
ER,15,beta_gamma,0.02,0.05,5,38.0,97.0,1.0,1.0,143.0,0.69,13715.0,0.982,34882.0,33900.0,685.0,237.0,0.0
ER,15,beta_gamma,0.02,0.1,5,,,0.0,0.0,5.0,0.006,25.0,0.033,152.0,119.0,1.0,11.0,0.0
ER,15,beta_gamma,0.05,0.05,5,15.0,29.0,1.0,1.0,422.0,0.948,19673.0,0.992,19738.0,18746.0,943.0,148.0,0.0
ER,15,beta_gamma,0.05,0.1,5,19.0,37.0,1.0,1.0,233.0,0.821,8304.0,0.987,16553.0,15566.0,816.0,115.0,0.0
ER,15,beta_gamma,0.15,0.05,5,6.0,10.0,1.0,1.0,692.0,0.987,19107.0,0.992,7626.0,6634.0,982.0,168.0,0.0
ER,15,beta_gamma,0.15,0.1,5,6.0,10.0,1.0,1.0,599.0,0.981,9868.0,0.992,7240.0,6248.0,976.0,90.0,0.0
ER,15,seed_count,0.15,0.05,1,9.0,13.0,1.0,1.0,705.0,0.993,20043.0,0.996,7283.0,6287.0,992.0,159.0,0.0
ER,15,seed_count,0.15,0.05,5,5.0,9.0,1.0,1.0,735.0,0.992,19796.0,0.992,7226.0,6234.0,987.0,159.0,0.0
ER,15,seed_count,0.15,0.05,10,4.0,8.0,1.0,1.0,743.0,0.991,19754.0,0.987,7193.0,6206.0,981.0,190.0,0.0
ER,16,beta_gamma,0.005,0.05,5,,,0.0,0.0,7.0,0.015,288.0,0.078,1396.0,1318.0,10.0,60.0,0.0
ER,16,beta_gamma,0.005,0.1,5,,,0.0,0.0,5.0,0.005,49.0,0.022,143.0,121.0,0.0,23.0,0.0
ER,16,beta_gamma,0.01,0.05,5,144.0,,1.0,0.0,22.0,0.137,2824.0,0.57,13935.0,13365.0,132.0,255.0,0.0
ER,16,beta_gamma,0.01,0.1,5,,,0.0,0.0,9.0,0.014,98.0,0.103,772.0,669.0,9.0,33.0,0.0
ER,16,beta_gamma,0.02,0.05,5,60.0,128.0,1.0,1.0,134.0,0.69,14486.0,0.98,36006.0,35026.0,685.0,298.0,0.0
ER,16,beta_gamma,0.02,0.1,5,,,0.0,0.0,15.0,0.033,296.0,0.172,1551.0,1379.0,28.0,42.0,0.0
ER,16,beta_gamma,0.05,0.05,5,16.0,30.0,1.0,1.0,430.0,0.945,18509.0,0.993,18815.0,17822.0,940.0,197.0,0.0
ER,16,beta_gamma,0.05,0.1,5,14.0,31.0,1.0,1.0,240.0,0.805,8217.0,0.99,16400.0,15410.0,800.0,125.0,0.0
ER,16,beta_gamma,0.15,0.05,5,6.0,9.0,1.0,1.0,714.0,0.986,19888.0,0.992,7535.0,6543.0,981.0,160.0,0.0
ER,16,beta_gamma,0.15,0.1,5,6.0,11.0,1.0,1.0,596.0,0.969,9781.0,0.993,7105.0,6112.0,964.0,82.0,0.0
ER,16,seed_count,0.15,0.05,1,9.0,13.0,1.0,1.0,712.0,0.989,18988.0,0.997,7010.0,6013.0,988.0,137.0,0.0
ER,16,seed_count,0.15,0.05,5,6.0,10.0,1.0,1.0,717.0,0.983,19891.0,0.992,7493.0,6501.0,978.0,152.0,0.0
ER,16,seed_count,0.15,0.05,10,4.0,8.0,1.0,1.0,711.0,0.988,18941.0,0.988,7429.0,6441.0,978.0,123.0,0.0
ER,18,beta_gamma,0.005,0.05,5,,,0.0,0.0,6.0,0.008,77.0,0.058,549.0,491.0,3.0,36.0,0.0
ER,18,beta_gamma,0.005,0.1,5,,,0.0,0.0,5.0,0.005,29.0,0.012,91.0,79.0,0.0,17.0,0.0
ER,18,beta_gamma,0.01,0.05,5,,,0.0,0.0,6.0,0.017,293.0,0.082,1332.0,1250.0,12.0,75.0,0.0
ER,18,beta_gamma,0.01,0.1,5,,,0.0,0.0,5.0,0.009,75.0,0.048,322.0,274.0,4.0,31.0,0.0
ER,18,beta_gamma,0.02,0.05,5,52.0,107.0,1.0,1.0,142.0,0.667,12961.0,0.973,32669.0,31696.0,662.0,323.0,0.0
ER,18,beta_gamma,0.02,0.1,5,,,0.0,0.0,13.0,0.036,460.0,0.172,1792.0,1620.0,31.0,62.0,0.0
ER,18,beta_gamma,0.05,0.05,5,18.0,31.0,1.0,1.0,453.0,0.943,19417.0,0.994,19612.0,18618.0,938.0,175.0,0.0
ER,18,beta_gamma,0.05,0.1,5,17.0,34.0,1.0,1.0,233.0,0.81,7993.0,0.988,15677.0,14689.0,805.0,94.0,0.0
ER,18,beta_gamma,0.15,0.05,5,7.0,11.0,1.0,1.0,701.0,0.996,19638.0,0.994,7602.0,6608.0,991.0,137.0,0.0
ER,18,beta_gamma,0.15,0.1,5,7.0,12.0,1.0,1.0,585.0,0.977,9942.0,0.994,7138.0,6144.0,972.0,99.0,0.0
ER,18,seed_count,0.15,0.05,1,10.0,15.0,1.0,1.0,704.0,0.985,19684.0,0.998,7348.0,6350.0,984.0,161.0,0.0
ER,18,seed_count,0.15,0.05,5,5.0,10.0,1.0,1.0,723.0,0.986,20193.0,0.994,7451.0,6457.0,981.0,145.0,0.0
ER,18,seed_count,0.15,0.05,10,5.0,8.0,1.0,1.0,713.0,0.992,20282.0,0.989,7274.0,6285.0,982.0,182.0,0.0
ER,17,beta_gamma,0.005,0.05,5,,,0.0,0.0,5.0,0.006,61.0,0.039,360.0,321.0,1.0,23.0,0.0
ER,17,beta_gamma,0.005,0.1,5,,,0.0,0.0,5.0,0.006,71.0,0.03,388.0,358.0,1.0,30.0,0.0
ER,17,beta_gamma,0.01,0.05,5,,,0.0,0.0,5.0,0.007,70.0,0.045,412.0,367.0,2.0,40.0,0.0
ER,17,beta_gamma,0.01,0.1,5,,,0.0,0.0,5.0,0.007,60.0,0.034,221.0,187.0,2.0,16.0,0.0
ER,17,beta_gamma,0.02,0.05,5,50.0,110.0,1.0,1.0,134.0,0.705,13649.0,0.985,34477.0,33492.0,700.0,298.0,0.0
ER,17,beta_gamma,0.02,0.1,5,,,0.0,0.0,12.0,0.051,434.0,0.26,2275.0,2015.0,46.0,105.0,0.0
ER,17,beta_gamma,0.05,0.05,5,14.0,27.0,1.0,1.0,466.0,0.941,19023.0,0.994,19127.0,18133.0,936.0,191.0,0.0
ER,17,beta_gamma,0.05,0.1,5,15.0,33.0,1.0,1.0,201.0,0.787,7827.0,0.987,16581.0,15594.0,782.0,111.0,0.0
ER,17,beta_gamma,0.15,0.05,5,6.0,10.0,1.0,1.0,740.0,0.994,20165.0,0.995,7441.0,6446.0,989.0,147.0,0.0
ER,17,beta_gamma,0.15,0.1,5,7.0,12.0,1.0,1.0,558.0,0.978,9627.0,0.995,7335.0,6340.0,973.0,82.0,0.0
ER,17,seed_count,0.15,0.05,1,11.0,15.0,1.0,1.0,718.0,0.992,20091.0,0.999,7509.0,6510.0,991.0,140.0,0.0
ER,17,seed_count,0.15,0.05,5,6.0,10.0,1.0,1.0,736.0,0.994,20536.0,0.995,7432.0,6437.0,989.0,158.0,0.0
ER,17,seed_count,0.15,0.05,10,5.0,9.0,1.0,1.0,716.0,0.996,20186.0,0.99,7436.0,6446.0,986.0,184.0,0.0
WS,1,beta_gamma,0.005,0.05,5,,,0.0,0.0,8.0,0.013,210.0,0.048,958.0,910.0,8.0,43.0,0.0
WS,1,beta_gamma,0.005,0.1,5,,,0.0,0.0,5.0,0.006,45.0,0.032,225.0,193.0,1.0,18.0,0.0
WS,1,beta_gamma,0.01,0.05,5,,,0.0,0.0,5.0,0.007,94.0,0.032,505.0,473.0,2.0,42.0,0.0
WS,1,beta_gamma,0.01,0.1,5,,,0.0,0.0,5.0,0.009,70.0,0.04,353.0,313.0,4.0,31.0,0.0
WS,1,beta_gamma,0.02,0.05,5,94.0,,1.0,0.0,36.0,0.267,5829.0,0.496,13720.0,13224.0,262.0,346.0,0.0
WS,1,beta_gamma,0.02,0.1,5,,,0.0,0.0,6.0,0.009,67.0,0.037,341.0,304.0,4.0,20.0,0.0
WS,1,beta_gamma,0.05,0.05,5,22.0,51.0,1.0,1.0,293.0,0.955,18432.0,0.987,19795.0,18808.0,950.0,228.0,0.0
WS,1,beta_gamma,0.05,0.1,5,65.0,178.0,1.0,1.0,54.0,0.587,6029.0,0.838,12400.0,11562.0,582.0,299.0,0.0
WS,1,beta_gamma,0.15,0.05,5,7.0,14.0,1.0,1.0,662.0,1.0,20163.0,0.995,7635.0,6640.0,995.0,166.0,0.0
WS,1,beta_gamma,0.15,0.1,5,9.0,17.0,1.0,1.0,416.0,0.98,9525.0,0.993,7456.0,6463.0,975.0,77.0,0.0
WS,1,seed_count,0.15,0.05,1,18.0,26.0,1.0,1.0,673.0,1.0,21986.0,0.999,7392.0,6393.0,999.0,183.0,0.0
WS,1,seed_count,0.15,0.05,5,9.0,16.0,1.0,1.0,647.0,1.0,20010.0,0.995,7376.0,6381.0,995.0,214.0,0.0
WS,1,seed_count,0.15,0.05,10,5.0,12.0,1.0,1.0,660.0,1.0,20066.0,0.99,7128.0,6138.0,990.0,139.0,0.0
WS,2,beta_gamma,0.005,0.05,5,,,0.0,0.0,6.0,0.008,103.0,0.043,588.0,545.0,3.0,42.0,0.0
WS,2,beta_gamma,0.005,0.1,5,,,0.0,0.0,8.0,0.009,78.0,0.04,399.0,359.0,4.0,16.0,0.0
WS,2,beta_gamma,0.01,0.05,5,,,0.0,0.0,7.0,0.013,217.0,0.057,1042.0,985.0,8.0,46.0,0.0
WS,2,beta_gamma,0.01,0.1,5,,,0.0,0.0,5.0,0.01,139.0,0.042,755.0,713.0,5.0,44.0,0.0
WS,2,beta_gamma,0.02,0.05,5,,,0.0,0.0,29.0,0.08,1518.0,0.173,4057.0,3884.0,75.0,151.0,0.0
WS,2,beta_gamma,0.02,0.1,5,,,0.0,0.0,8.0,0.032,380.0,0.088,1317.0,1229.0,27.0,106.0,0.0
WS,2,beta_gamma,0.05,0.05,5,20.0,51.0,1.0,1.0,249.0,0.964,18870.0,0.994,20039.0,19045.0,959.0,250.0,0.0
WS,2,beta_gamma,0.05,0.1,5,,,0.0,0.0,6.0,0.02,192.0,0.053,508.0,455.0,15.0,74.0,0.0
WS,2,beta_gamma,0.15,0.05,5,8.0,17.0,1.0,1.0,591.0,1.0,18286.0,0.995,7561.0,6566.0,995.0,147.0,0.0
WS,2,beta_gamma,0.15,0.1,5,10.0,18.0,1.0,1.0,420.0,0.995,10049.0,0.995,7363.0,6368.0,990.0,99.0,0.0
WS,2,seed_count,0.15,0.05,1,15.0,25.0,1.0,1.0,624.0,1.0,19708.0,0.999,7405.0,6406.0,999.0,158.0,0.0
WS,2,seed_count,0.15,0.05,5,7.0,14.0,1.0,1.0,613.0,1.0,19878.0,0.995,7152.0,6157.0,995.0,198.0,0.0
WS,2,seed_count,0.15,0.05,10,6.0,13.0,1.0,1.0,612.0,1.0,19111.0,0.99,7406.0,6416.0,990.0,144.0,0.0
ER,19,beta_gamma,0.005,0.05,5,,,0.0,0.0,5.0,0.006,75.0,0.035,400.0,365.0,1.0,30.0,0.0
ER,19,beta_gamma,0.005,0.1,5,,,0.0,0.0,5.0,0.005,45.0,0.032,288.0,256.0,0.0,12.0,0.0
ER,19,beta_gamma,0.01,0.05,5,,,0.0,0.0,10.0,0.055,1186.0,0.288,6283.0,5995.0,50.0,235.0,0.0
ER,19,beta_gamma,0.01,0.1,5,,,0.0,0.0,5.0,0.006,35.0,0.024,139.0,115.0,1.0,21.0,0.0
ER,19,beta_gamma,0.02,0.05,5,26.0,67.0,1.0,1.0,206.0,0.73,15268.0,0.983,34502.0,33519.0,725.0,255.0,0.0
ER,19,beta_gamma,0.02,0.1,5,,,0.0,0.0,8.0,0.017,138.0,0.096,777.0,681.0,12.0,29.0,0.0
ER,19,beta_gamma,0.05,0.05,5,14.0,26.0,1.0,1.0,429.0,0.934,18152.0,0.992,19274.0,18282.0,929.0,187.0,0.0
ER,19,beta_gamma,0.05,0.1,5,16.0,31.0,1.0,1.0,250.0,0.829,8331.0,0.991,16732.0,15741.0,824.0,97.0,0.0
ER,19,beta_gamma,0.15,0.05,5,6.0,10.0,1.0,1.0,741.0,0.991,19822.0,0.994,7548.0,6554.0,986.0,145.0,0.0
ER,19,beta_gamma,0.15,0.1,5,6.0,10.0,1.0,1.0,576.0,0.979,10242.0,0.994,7522.0,6528.0,974.0,80.0,0.0
ER,19,seed_count,0.15,0.05,1,10.0,14.0,1.0,1.0,724.0,0.996,19932.0,0.998,7198.0,6200.0,995.0,147.0,0.0
ER,19,seed_count,0.15,0.05,5,7.0,11.0,1.0,1.0,716.0,0.985,18817.0,0.994,7607.0,6613.0,980.0,121.0,0.0
ER,19,seed_count,0.15,0.05,10,4.0,8.0,1.0,1.0,751.0,0.992,19331.0,0.989,7147.0,6158.0,982.0,150.0,0.0
WS,0,beta_gamma,0.005,0.05,5,,,0.0,0.0,5.0,0.006,88.0,0.032,519.0,487.0,1.0,48.0,0.0
WS,0,beta_gamma,0.005,0.1,5,,,0.0,0.0,5.0,0.007,76.0,0.042,480.0,438.0,2.0,34.0,0.0
WS,0,beta_gamma,0.01,0.05,5,,,0.0,0.0,16.0,0.031,614.0,0.07,1818.0,1748.0,26.0,99.0,0.0
WS,0,beta_gamma,0.01,0.1,5,,,0.0,0.0,5.0,0.009,145.0,0.035,734.0,699.0,4.0,68.0,0.0
WS,0,beta_gamma,0.02,0.05,5,,,0.0,0.0,18.0,0.06,1202.0,0.157,3604.0,3447.0,55.0,251.0,0.0
WS,0,beta_gamma,0.02,0.1,5,,,0.0,0.0,8.0,0.014,188.0,0.045,764.0,719.0,9.0,57.0,0.0
WS,0,beta_gamma,0.05,0.05,5,43.0,80.0,1.0,1.0,254.0,0.935,17948.0,0.983,19672.0,18689.0,930.0,230.0,0.0
WS,0,beta_gamma,0.05,0.1,5,42.0,94.0,1.0,1.0,88.0,0.68,6792.0,0.927,13850.0,12923.0,675.0,204.0,0.0
WS,0,beta_gamma,0.15,0.05,5,8.0,16.0,1.0,1.0,626.0,1.0,20023.0,0.995,7539.0,6544.0,995.0,160.0,0.0
WS,0,beta_gamma,0.15,0.1,5,8.0,16.0,1.0,1.0,456.0,0.997,10016.0,0.995,7165.0,6170.0,992.0,78.0,0.0
WS,0,seed_count,0.15,0.05,1,11.0,19.0,1.0,1.0,602.0,1.0,20068.0,0.999,7213.0,6214.0,999.0,144.0,0.0
WS,0,seed_count,0.15,0.05,5,7.0,15.0,1.0,1.0,671.0,1.0,20820.0,0.995,7056.0,6061.0,995.0,138.0,0.0
WS,0,seed_count,0.15,0.05,10,5.0,12.0,1.0,1.0,625.0,1.0,19220.0,0.99,7422.0,6432.0,990.0,157.0,0.0
WS,3,beta_gamma,0.005,0.05,5,,,0.0,0.0,7.0,0.012,325.0,0.043,1036.0,993.0,7.0,93.0,0.0
WS,3,beta_gamma,0.005,0.1,5,,,0.0,0.0,6.0,0.007,54.0,0.034,293.0,259.0,2.0,16.0,0.0
WS,3,beta_gamma,0.01,0.05,5,,,0.0,0.0,15.0,0.035,786.0,0.097,2604.0,2507.0,30.0,113.0,0.0
WS,3,beta_gamma,0.01,0.1,5,,,0.0,0.0,6.0,0.01,187.0,0.038,726.0,688.0,5.0,62.0,0.0
WS,3,beta_gamma,0.02,0.05,5,85.0,,1.0,0.0,37.0,0.244,4777.0,0.476,11327.0,10851.0,239.0,288.0,0.0
WS,3,beta_gamma,0.02,0.1,5,,,0.0,0.0,5.0,0.009,51.0,0.037,253.0,216.0,4.0,23.0,0.0
WS,3,beta_gamma,0.05,0.05,5,28.0,55.0,1.0,1.0,296.0,0.975,19157.0,0.995,19844.0,18849.0,970.0,207.0,0.0
WS,3,beta_gamma,0.05,0.1,5,35.0,,1.0,0.0,42.0,0.313,2983.0,0.564,6278.0,5714.0,308.0,142.0,0.0
WS,3,beta_gamma,0.15,0.05,5,9.0,17.0,1.0,1.0,641.0,1.0,19639.0,0.995,7354.0,6359.0,995.0,151.0,0.0
WS,3,beta_gamma,0.15,0.1,5,13.0,22.0,1.0,1.0,414.0,0.997,9284.0,0.995,7356.0,6361.0,992.0,86.0,0.0
WS,3,seed_count,0.15,0.05,1,17.0,26.0,1.0,1.0,628.0,0.999,20826.0,0.999,7568.0,6569.0,998.0,206.0,0.0
WS,3,seed_count,0.15,0.05,5,8.0,16.0,1.0,1.0,598.0,1.0,19625.0,0.995,7585.0,6590.0,995.0,163.0,0.0
WS,3,seed_count,0.15,0.05,10,7.0,15.0,1.0,1.0,632.0,1.0,20650.0,0.99,7512.0,6522.0,990.0,157.0,0.0
WS,4,beta_gamma,0.005,0.05,5,,,0.0,0.0,5.0,0.007,162.0,0.036,885.0,849.0,2.0,52.0,0.0
WS,4,beta_gamma,0.005,0.1,5,,,0.0,0.0,5.0,0.006,30.0,0.029,174.0,145.0,1.0,8.0,0.0
WS,4,beta_gamma,0.01,0.05,5,,,0.0,0.0,9.0,0.014,255.0,0.058,1054.0,996.0,9.0,78.0,0.0
WS,4,beta_gamma,0.01,0.1,5,,,0.0,0.0,5.0,0.006,67.0,0.031,381.0,350.0,1.0,36.0,0.0
WS,4,beta_gamma,0.02,0.05,5,,,0.0,0.0,20.0,0.092,1875.0,0.208,4042.0,3834.0,87.0,292.0,0.0
WS,4,beta_gamma,0.02,0.1,5,,,0.0,0.0,6.0,0.01,92.0,0.052,495.0,443.0,5.0,29.0,0.0
WS,4,beta_gamma,0.05,0.05,5,23.0,51.0,1.0,1.0,322.0,0.946,19068.0,0.992,19455.0,18463.0,941.0,180.0,0.0
WS,4,beta_gamma,0.05,0.1,5,32.0,100.0,1.0,1.0,90.0,0.605,5947.0,0.894,12208.0,11314.0,600.0,179.0,0.0
WS,4,beta_gamma,0.15,0.05,5,9.0,17.0,1.0,1.0,651.0,1.0,19625.0,0.995,7442.0,6447.0,995.0,135.0,0.0
WS,4,beta_gamma,0.15,0.1,5,9.0,17.0,1.0,1.0,451.0,0.998,9695.0,0.995,7377.0,6382.0,993.0,85.0,0.0
WS,4,seed_count,0.15,0.05,1,13.0,21.0,1.0,1.0,639.0,1.0,18774.0,0.999,7666.0,6667.0,999.0,145.0,0.0
WS,4,seed_count,0.15,0.05,5,9.0,17.0,1.0,1.0,663.0,1.0,20426.0,0.995,7698.0,6703.0,995.0,142.0,0.0
WS,4,seed_count,0.15,0.05,10,6.0,13.0,1.0,1.0,665.0,1.0,19266.0,0.99,7368.0,6378.0,990.0,119.0,0.0
WS,5,beta_gamma,0.005,0.05,5,,,0.0,0.0,7.0,0.008,120.0,0.037,677.0,640.0,3.0,44.0,0.0
WS,5,beta_gamma,0.005,0.1,5,,,0.0,0.0,5.0,0.007,56.0,0.037,325.0,288.0,2.0,29.0,0.0
WS,5,beta_gamma,0.01,0.05,5,,,0.0,0.0,7.0,0.011,103.0,0.042,490.0,448.0,6.0,31.0,0.0
WS,5,beta_gamma,0.01,0.1,5,,,0.0,0.0,5.0,0.01,102.0,0.035,422.0,387.0,5.0,33.0,0.0
WS,5,beta_gamma,0.02,0.05,5,117.0,,1.0,0.0,59.0,0.376,7714.0,0.652,18188.0,17536.0,371.0,413.0,0.0
WS,5,beta_gamma,0.02,0.1,5,,,0.0,0.0,5.0,0.01,49.0,0.039,232.0,193.0,5.0,18.0,0.0
WS,5,beta_gamma,0.05,0.05,5,27.0,55.0,1.0,1.0,305.0,0.978,19870.0,0.995,19655.0,18660.0,973.0,213.0,0.0
WS,5,beta_gamma,0.05,0.1,5,32.0,,1.0,0.0,42.0,0.394,3717.0,0.647,7717.0,7070.0,389.0,228.0,0.0
WS,5,beta_gamma,0.15,0.05,5,7.0,15.0,1.0,1.0,632.0,1.0,20979.0,0.995,7370.0,6375.0,995.0,164.0,0.0
WS,5,beta_gamma,0.15,0.1,5,9.0,18.0,1.0,1.0,460.0,0.988,10151.0,0.995,7457.0,6462.0,983.0,98.0,0.0
WS,5,seed_count,0.15,0.05,1,9.0,18.0,1.0,1.0,654.0,1.0,19824.0,0.999,7632.0,6633.0,999.0,147.0,0.0
WS,5,seed_count,0.15,0.05,5,9.0,17.0,1.0,1.0,630.0,1.0,20133.0,0.995,7540.0,6545.0,995.0,185.0,0.0
WS,5,seed_count,0.15,0.05,10,6.0,14.0,1.0,1.0,629.0,1.0,19348.0,0.99,7332.0,6342.0,990.0,175.0,0.0
WS,6,beta_gamma,0.005,0.05,5,,,0.0,0.0,5.0,0.011,118.0,0.039,573.0,534.0,6.0,42.0,0.0
WS,6,beta_gamma,0.005,0.1,5,,,0.0,0.0,5.0,0.006,71.0,0.036,423.0,387.0,1.0,33.0,0.0
WS,6,beta_gamma,0.01,0.05,5,,,0.0,0.0,5.0,0.005,57.0,0.028,316.0,288.0,0.0,25.0,0.0
WS,6,beta_gamma,0.01,0.1,5,,,0.0,0.0,9.0,0.022,267.0,0.073,1161.0,1088.0,17.0,61.0,0.0
WS,6,beta_gamma,0.02,0.05,5,106.0,,1.0,0.0,24.0,0.151,3129.0,0.339,7747.0,7408.0,146.0,262.0,0.0
WS,6,beta_gamma,0.02,0.1,5,,,0.0,0.0,6.0,0.006,19.0,0.031,99.0,68.0,1.0,6.0,0.0
WS,6,beta_gamma,0.05,0.05,5,20.0,45.0,1.0,1.0,331.0,0.954,19737.0,0.992,19787.0,18795.0,949.0,267.0,0.0
WS,6,beta_gamma,0.05,0.1,5,27.0,92.0,1.0,1.0,76.0,0.672,7125.0,0.915,13769.0,12854.0,667.0,183.0,0.0
WS,6,beta_gamma,0.15,0.05,5,8.0,16.0,1.0,1.0,627.0,1.0,19761.0,0.995,7543.0,6548.0,995.0,183.0,0.0
WS,6,beta_gamma,0.15,0.1,5,9.0,18.0,1.0,1.0,438.0,0.997,9963.0,0.995,7441.0,6446.0,992.0,75.0,0.0
WS,6,seed_count,0.15,0.05,1,15.0,24.0,1.0,1.0,643.0,0.999,20112.0,0.999,7412.0,6413.0,998.0,146.0,0.0
WS,6,seed_count,0.15,0.05,5,8.0,15.0,1.0,1.0,665.0,0.999,20482.0,0.995,7315.0,6320.0,994.0,169.0,0.0
WS,6,seed_count,0.15,0.05,10,6.0,13.0,1.0,1.0,679.0,1.0,19790.0,0.99,7197.0,6207.0,990.0,217.0,0.0
WS,8,beta_gamma,0.005,0.05,5,,,0.0,0.0,5.0,0.007,174.0,0.039,944.0,905.0,2.0,82.0,0.0
WS,8,beta_gamma,0.005,0.1,5,,,0.0,0.0,5.0,0.005,49.0,0.026,261.0,235.0,0.0,17.0,0.0
WS,8,beta_gamma,0.01,0.05,5,,,0.0,0.0,9.0,0.02,397.0,0.055,1484.0,1429.0,15.0,141.0,0.0
WS,8,beta_gamma,0.01,0.1,5,,,0.0,0.0,5.0,0.009,41.0,0.038,224.0,186.0,4.0,14.0,0.0
WS,8,beta_gamma,0.02,0.05,5,77.0,,1.0,0.0,40.0,0.286,5612.0,0.552,13608.0,13056.0,281.0,345.0,0.0
WS,8,beta_gamma,0.02,0.1,5,,,0.0,0.0,6.0,0.01,64.0,0.044,322.0,278.0,5.0,18.0,0.0
WS,8,beta_gamma,0.05,0.05,5,37.0,67.0,1.0,1.0,303.0,0.94,18854.0,0.99,18625.0,17635.0,935.0,230.0,0.0
WS,8,beta_gamma,0.05,0.1,5,27.0,,1.0,0.0,76.0,0.428,4200.0,0.72,8873.0,8153.0,423.0,131.0,0.0
WS,8,beta_gamma,0.15,0.05,5,9.0,17.0,1.0,1.0,638.0,1.0,20301.0,0.995,7147.0,6152.0,995.0,162.0,0.0
WS,8,beta_gamma,0.15,0.1,5,10.0,17.0,1.0,1.0,477.0,1.0,10219.0,0.995,7094.0,6099.0,995.0,93.0,0.0
WS,8,seed_count,0.15,0.05,1,14.0,21.0,1.0,1.0,628.0,1.0,19829.0,0.999,7334.0,6335.0,999.0,145.0,0.0
WS,8,seed_count,0.15,0.05,5,8.0,16.0,1.0,1.0,668.0,1.0,20170.0,0.995,7304.0,6309.0,995.0,132.0,0.0
WS,8,seed_count,0.15,0.05,10,6.0,13.0,1.0,1.0,680.0,0.999,21249.0,0.99,7121.0,6131.0,989.0,183.0,0.0
WS,7,beta_gamma,0.005,0.05,5,,,0.0,0.0,8.0,0.009,143.0,0.039,728.0,689.0,4.0,49.0,0.0
WS,7,beta_gamma,0.005,0.1,5,,,0.0,0.0,7.0,0.011,115.0,0.043,571.0,528.0,6.0,29.0,0.0
WS,7,beta_gamma,0.01,0.05,5,,,0.0,0.0,9.0,0.019,383.0,0.064,1534.0,1470.0,14.0,78.0,0.0
WS,7,beta_gamma,0.01,0.1,5,,,0.0,0.0,5.0,0.005,14.0,0.033,87.0,54.0,0.0,7.0,0.0
WS,7,beta_gamma,0.02,0.05,5,209.0,,1.0,0.0,20.0,0.108,2104.0,0.256,5767.0,5511.0,103.0,293.0,0.0
WS,7,beta_gamma,0.02,0.1,5,,,0.0,0.0,5.0,0.006,54.0,0.031,288.0,257.0,1.0,23.0,0.0
WS,7,beta_gamma,0.05,0.05,5,26.0,55.0,1.0,1.0,278.0,0.986,20141.0,0.995,20187.0,19192.0,981.0,227.0,0.0
WS,7,beta_gamma,0.05,0.1,5,27.0,,1.0,0.0,48.0,0.465,4605.0,0.74,9393.0,8653.0,460.0,215.0,0.0
WS,7,beta_gamma,0.15,0.05,5,8.0,15.0,1.0,1.0,626.0,1.0,21345.0,0.995,7307.0,6312.0,995.0,149.0,0.0
WS,7,beta_gamma,0.15,0.1,5,10.0,18.0,1.0,1.0,447.0,0.996,10241.0,0.995,7597.0,6602.0,991.0,113.0,0.0
WS,7,seed_count,0.15,0.05,1,15.0,22.0,1.0,1.0,647.0,1.0,19911.0,0.999,7234.0,6235.0,999.0,115.0,0.0
WS,7,seed_count,0.15,0.05,5,7.0,15.0,1.0,1.0,616.0,1.0,19624.0,0.995,7343.0,6348.0,995.0,155.0,0.0
WS,7,seed_count,0.15,0.05,10,6.0,13.0,1.0,1.0,636.0,1.0,19916.0,0.99,7563.0,6573.0,990.0,127.0,0.0
WS,9,beta_gamma,0.005,0.05,5,,,0.0,0.0,5.0,0.009,203.0,0.036,1106.0,1070.0,4.0,96.0,0.0
WS,9,beta_gamma,0.005,0.1,5,,,0.0,0.0,5.0,0.008,54.0,0.035,300.0,265.0,3.0,28.0,0.0
WS,9,beta_gamma,0.01,0.05,5,,,0.0,0.0,8.0,0.026,586.0,0.064,1920.0,1856.0,21.0,263.0,0.0
WS,9,beta_gamma,0.01,0.1,5,,,0.0,0.0,5.0,0.005,27.0,0.028,155.0,127.0,0.0,12.0,0.0
WS,9,beta_gamma,0.02,0.05,5,,,0.0,0.0,8.0,0.019,355.0,0.061,1337.0,1276.0,14.0,80.0,0.0
WS,9,beta_gamma,0.02,0.1,5,,,0.0,0.0,6.0,0.013,137.0,0.043,481.0,438.0,8.0,54.0,0.0
WS,9,beta_gamma,0.05,0.05,5,20.0,44.0,1.0,1.0,335.0,0.934,18574.0,0.993,19120.0,18127.0,929.0,199.0,0.0
WS,9,beta_gamma,0.05,0.1,5,47.0,,1.0,0.0,28.0,0.105,982.0,0.221,2144.0,1923.0,100.0,65.0,0.0
WS,9,beta_gamma,0.15,0.05,5,7.0,16.0,1.0,1.0,647.0,1.0,19811.0,0.995,7577.0,6582.0,995.0,149.0,0.0
WS,9,beta_gamma,0.15,0.1,5,9.0,20.0,1.0,1.0,412.0,0.998,9724.0,0.995,7477.0,6482.0,993.0,86.0,0.0
WS,9,seed_count,0.15,0.05,1,14.0,21.0,1.0,1.0,665.0,1.0,19874.0,0.999,7470.0,6471.0,999.0,187.0,0.0
WS,9,seed_count,0.15,0.05,5,7.0,15.0,1.0,1.0,582.0,0.998,19348.0,0.995,7501.0,6506.0,993.0,124.0,0.0
WS,9,seed_count,0.15,0.05,10,5.0,13.0,1.0,1.0,644.0,1.0,20151.0,0.99,7531.0,6541.0,990.0,146.0,0.0
WS,10,beta_gamma,0.005,0.05,5,,,0.0,0.0,6.0,0.007,84.0,0.038,477.0,439.0,2.0,26.0,0.0
WS,10,beta_gamma,0.005,0.1,5,,,0.0,0.0,6.0,0.011,130.0,0.047,615.0,568.0,6.0,49.0,0.0
WS,10,beta_gamma,0.01,0.05,5,,,0.0,0.0,5.0,0.017,250.0,0.061,977.0,916.0,12.0,132.0,0.0
WS,10,beta_gamma,0.01,0.1,5,,,0.0,0.0,8.0,0.011,144.0,0.048,761.0,713.0,6.0,32.0,0.0
WS,10,beta_gamma,0.02,0.05,5,,,0.0,0.0,22.0,0.062,1160.0,0.161,2866.0,2705.0,57.0,148.0,0.0
WS,10,beta_gamma,0.02,0.1,5,,,0.0,0.0,8.0,0.012,121.0,0.037,540.0,503.0,7.0,40.0,0.0
WS,10,beta_gamma,0.05,0.05,5,28.0,51.0,1.0,1.0,329.0,0.966,18942.0,0.995,18678.0,17683.0,961.0,205.0,0.0
WS,10,beta_gamma,0.05,0.1,5,25.0,,1.0,0.0,58.0,0.491,4953.0,0.75,9915.0,9165.0,486.0,195.0,0.0
WS,10,beta_gamma,0.15,0.05,5,10.0,18.0,1.0,1.0,618.0,0.999,19222.0,0.995,7454.0,6459.0,994.0,148.0,0.0
WS,10,beta_gamma,0.15,0.1,5,8.0,16.0,1.0,1.0,485.0,0.996,10136.0,0.995,7295.0,6300.0,991.0,81.0,0.0
WS,10,seed_count,0.15,0.05,1,18.0,27.0,1.0,1.0,616.0,1.0,19812.0,0.999,7773.0,6774.0,999.0,178.0,0.0
WS,10,seed_count,0.15,0.05,5,8.0,17.0,1.0,1.0,645.0,1.0,19974.0,0.995,7573.0,6578.0,995.0,165.0,0.0
WS,10,seed_count,0.15,0.05,10,5.0,12.0,1.0,1.0,663.0,1.0,20453.0,0.99,7481.0,6491.0,990.0,148.0,0.0
WS,11,beta_gamma,0.005,0.05,5,,,0.0,0.0,5.0,0.011,311.0,0.042,1402.0,1360.0,6.0,89.0,0.0
WS,11,beta_gamma,0.005,0.1,5,,,0.0,0.0,5.0,0.007,75.0,0.035,372.0,337.0,2.0,41.0,0.0
WS,11,beta_gamma,0.01,0.05,5,,,0.0,0.0,9.0,0.016,361.0,0.05,1116.0,1066.0,11.0,118.0,0.0
WS,11,beta_gamma,0.01,0.1,5,,,0.0,0.0,5.0,0.007,42.0,0.035,236.0,201.0,2.0,24.0,0.0
WS,11,beta_gamma,0.02,0.05,5,270.0,,1.0,0.0,18.0,0.154,3207.0,0.349,8592.0,8243.0,149.0,414.0,0.0
WS,11,beta_gamma,0.02,0.1,5,,,0.0,0.0,6.0,0.013,102.0,0.047,411.0,364.0,8.0,32.0,0.0
WS,11,beta_gamma,0.05,0.05,5,28.0,65.0,1.0,1.0,287.0,0.947,19825.0,0.985,20258.0,19273.0,942.0,260.0,0.0
WS,11,beta_gamma,0.05,0.1,5,35.0,,1.0,0.0,69.0,0.405,3997.0,0.659,8184.0,7525.0,400.0,164.0,0.0
WS,11,beta_gamma,0.15,0.05,5,8.0,16.0,1.0,1.0,615.0,1.0,20177.0,0.995,7541.0,6546.0,995.0,186.0,0.0
WS,11,beta_gamma,0.15,0.1,5,13.0,24.0,1.0,1.0,438.0,0.997,10390.0,0.995,7764.0,6769.0,992.0,105.0,0.0
WS,11,seed_count,0.15,0.05,1,10.0,19.0,1.0,1.0,635.0,1.0,20231.0,0.999,7559.0,6560.0,999.0,170.0,0.0
WS,11,seed_count,0.15,0.05,5,7.0,14.0,1.0,1.0,618.0,0.999,20472.0,0.995,7513.0,6518.0,994.0,161.0,0.0
WS,11,seed_count,0.15,0.05,10,7.0,14.0,1.0,1.0,644.0,0.999,19814.0,0.99,7353.0,6363.0,989.0,167.0,0.0
WS,15,beta_gamma,0.005,0.05,5,,,0.0,0.0,5.0,0.006,54.0,0.038,337.0,299.0,1.0,16.0,0.0
WS,15,beta_gamma,0.005,0.1,5,,,0.0,0.0,5.0,0.005,22.0,0.03,135.0,105.0,0.0,10.0,0.0
WS,15,beta_gamma,0.01,0.05,5,,,0.0,0.0,9.0,0.026,585.0,0.066,1791.0,1725.0,21.0,109.0,0.0
WS,15,beta_gamma,0.01,0.1,5,,,0.0,0.0,8.0,0.016,200.0,0.05,853.0,803.0,11.0,51.0,0.0
WS,15,beta_gamma,0.02,0.05,5,149.0,,1.0,0.0,20.0,0.168,3290.0,0.386,8479.0,8093.0,163.0,455.0,0.0
WS,15,beta_gamma,0.02,0.1,5,,,0.0,0.0,5.0,0.009,37.0,0.045,213.0,168.0,4.0,14.0,0.0
WS,15,beta_gamma,0.05,0.05,5,30.0,58.0,1.0,1.0,338.0,0.973,19977.0,0.995,19691.0,18696.0,968.0,287.0,0.0
WS,15,beta_gamma,0.05,0.1,5,28.0,96.0,1.0,1.0,72.0,0.662,6482.0,0.915,13556.0,12641.0,657.0,251.0,0.0
WS,15,beta_gamma,0.15,0.05,5,10.0,18.0,1.0,1.0,664.0,0.999,20819.0,0.995,7548.0,6553.0,994.0,177.0,0.0
WS,15,beta_gamma,0.15,0.1,5,9.0,17.0,1.0,1.0,466.0,0.997,10140.0,0.995,7564.0,6569.0,992.0,91.0,0.0
WS,15,seed_count,0.15,0.05,1,13.0,21.0,1.0,1.0,660.0,1.0,19942.0,0.999,7420.0,6421.0,999.0,141.0,0.0
WS,15,seed_count,0.15,0.05,5,9.0,16.0,1.0,1.0,660.0,0.999,20218.0,0.995,7526.0,6531.0,994.0,123.0,0.0
WS,15,seed_count,0.15,0.05,10,6.0,13.0,1.0,1.0,674.0,1.0,20840.0,0.99,7686.0,6696.0,990.0,188.0,0.0
WS,16,beta_gamma,0.005,0.05,5,,,0.0,0.0,7.0,0.012,335.0,0.048,1596.0,1548.0,7.0,90.0,0.0
WS,16,beta_gamma,0.005,0.1,5,,,0.0,0.0,6.0,0.008,99.0,0.036,428.0,392.0,3.0,38.0,0.0
WS,16,beta_gamma,0.01,0.05,5,,,0.0,0.0,9.0,0.032,586.0,0.104,2282.0,2178.0,27.0,140.0,0.0
WS,16,beta_gamma,0.01,0.1,5,,,0.0,0.0,8.0,0.01,74.0,0.041,361.0,320.0,5.0,19.0,0.0
WS,16,beta_gamma,0.02,0.05,5,,,0.0,0.0,12.0,0.03,655.0,0.079,1405.0,1326.0,25.0,148.0,0.0
WS,16,beta_gamma,0.02,0.1,5,,,0.0,0.0,6.0,0.01,74.0,0.039,384.0,345.0,5.0,32.0,0.0
WS,16,beta_gamma,0.05,0.05,5,24.0,54.0,1.0,1.0,323.0,0.959,20297.0,0.979,20303.0,19324.0,954.0,230.0,0.0
WS,16,beta_gamma,0.05,0.1,5,36.0,113.0,1.0,1.0,63.0,0.645,6737.0,0.868,12629.0,11761.0,640.0,220.0,0.0
WS,16,beta_gamma,0.15,0.05,5,7.0,15.0,1.0,1.0,655.0,1.0,20899.0,0.995,7593.0,6598.0,995.0,197.0,0.0
WS,16,beta_gamma,0.15,0.1,5,8.0,17.0,1.0,1.0,408.0,0.999,9875.0,0.995,7327.0,6332.0,994.0,73.0,0.0
WS,16,seed_count,0.15,0.05,1,15.0,24.0,1.0,1.0,576.0,0.997,18810.0,0.999,7666.0,6667.0,996.0,148.0,0.0
WS,16,seed_count,0.15,0.05,5,9.0,16.0,1.0,1.0,646.0,0.999,20027.0,0.995,7230.0,6235.0,994.0,199.0,0.0
WS,16,seed_count,0.15,0.05,10,6.0,15.0,1.0,1.0,648.0,1.0,20105.0,0.99,7550.0,6560.0,990.0,130.0,0.0
WS,12,beta_gamma,0.005,0.05,5,,,0.0,0.0,8.0,0.019,408.0,0.059,1614.0,1555.0,14.0,114.0,0.0
WS,12,beta_gamma,0.005,0.1,5,,,0.0,0.0,5.0,0.005,55.0,0.031,346.0,315.0,0.0,27.0,0.0
WS,12,beta_gamma,0.01,0.05,5,,,0.0,0.0,5.0,0.01,167.0,0.036,599.0,563.0,5.0,94.0,0.0
WS,12,beta_gamma,0.01,0.1,5,,,0.0,0.0,7.0,0.01,98.0,0.038,467.0,429.0,5.0,23.0,0.0
WS,12,beta_gamma,0.02,0.05,5,125.0,,1.0,0.0,35.0,0.352,7741.0,0.627,18096.0,17469.0,347.0,500.0,0.0
WS,12,beta_gamma,0.02,0.1,5,,,0.0,0.0,7.0,0.011,83.0,0.044,417.0,373.0,6.0,24.0,0.0
WS,12,beta_gamma,0.05,0.05,5,26.0,60.0,1.0,1.0,273.0,0.979,19421.0,0.995,18978.0,17983.0,974.0,238.0,0.0
WS,12,beta_gamma,0.05,0.1,5,26.0,121.0,1.0,1.0,67.0,0.567,5328.0,0.819,11175.0,10356.0,562.0,255.0,0.0
WS,12,beta_gamma,0.15,0.05,5,10.0,18.0,1.0,1.0,631.0,1.0,19718.0,0.995,7199.0,6204.0,995.0,165.0,0.0
WS,12,beta_gamma,0.15,0.1,5,8.0,18.0,1.0,1.0,405.0,0.994,9800.0,0.995,7415.0,6420.0,989.0,96.0,0.0
WS,12,seed_count,0.15,0.05,1,14.0,23.0,1.0,1.0,650.0,1.0,20717.0,0.999,7590.0,6591.0,999.0,160.0,0.0
WS,12,seed_count,0.15,0.05,5,9.0,18.0,1.0,1.0,630.0,1.0,19801.0,0.995,7355.0,6360.0,995.0,176.0,0.0
WS,12,seed_count,0.15,0.05,10,6.0,12.0,1.0,1.0,666.0,1.0,21056.0,0.99,7097.0,6107.0,990.0,177.0,0.0
WS,17,beta_gamma,0.005,0.05,5,,,0.0,0.0,7.0,0.013,337.0,0.046,1114.0,1068.0,8.0,83.0,0.0
WS,17,beta_gamma,0.005,0.1,5,,,0.0,0.0,5.0,0.005,31.0,0.029,162.0,133.0,0.0,18.0,0.0
WS,17,beta_gamma,0.01,0.05,5,,,0.0,0.0,10.0,0.021,609.0,0.056,2369.0,2313.0,16.0,124.0,0.0
WS,17,beta_gamma,0.01,0.1,5,,,0.0,0.0,5.0,0.006,35.0,0.034,226.0,192.0,1.0,13.0,0.0
WS,17,beta_gamma,0.02,0.05,5,155.0,,1.0,0.0,25.0,0.236,4407.0,0.496,11277.0,10781.0,231.0,374.0,0.0
WS,17,beta_gamma,0.02,0.1,5,,,0.0,0.0,7.0,0.026,204.0,0.07,732.0,662.0,21.0,40.0,0.0
WS,17,beta_gamma,0.05,0.05,5,32.0,55.0,1.0,1.0,293.0,0.935,17808.0,0.966,18792.0,17826.0,930.0,199.0,0.0
WS,17,beta_gamma,0.05,0.1,5,61.0,117.0,1.0,1.0,98.0,0.675,7054.0,0.916,13488.0,12572.0,670.0,240.0,0.0
WS,17,beta_gamma,0.15,0.05,5,8.0,16.0,1.0,1.0,612.0,1.0,18949.0,0.995,7223.0,6228.0,995.0,163.0,0.0
WS,17,beta_gamma,0.15,0.1,5,8.0,17.0,1.0,1.0,475.0,0.995,10237.0,0.995,7714.0,6719.0,990.0,86.0,0.0
WS,17,seed_count,0.15,0.05,1,13.0,20.0,1.0,1.0,705.0,1.0,21042.0,0.999,7103.0,6104.0,999.0,167.0,0.0
WS,17,seed_count,0.15,0.05,5,9.0,17.0,1.0,1.0,669.0,1.0,20010.0,0.995,7186.0,6191.0,995.0,154.0,0.0
WS,17,seed_count,0.15,0.05,10,5.0,13.0,1.0,1.0,602.0,0.999,18694.0,0.99,7523.0,6533.0,989.0,165.0,0.0
WS,14,beta_gamma,0.005,0.05,5,,,0.0,0.0,8.0,0.014,326.0,0.055,1600.0,1545.0,9.0,85.0,0.0
WS,14,beta_gamma,0.005,0.1,5,,,0.0,0.0,7.0,0.007,43.0,0.034,208.0,174.0,2.0,13.0,0.0
WS,14,beta_gamma,0.01,0.05,5,,,0.0,0.0,5.0,0.007,94.0,0.033,467.0,434.0,2.0,64.0,0.0
WS,14,beta_gamma,0.01,0.1,5,,,0.0,0.0,7.0,0.015,124.0,0.05,530.0,480.0,10.0,34.0,0.0
WS,14,beta_gamma,0.02,0.05,5,162.0,,1.0,0.0,25.0,0.209,4090.0,0.424,10773.0,10349.0,204.0,408.0,0.0
WS,14,beta_gamma,0.02,0.1,5,,,0.0,0.0,14.0,0.056,625.0,0.145,1938.0,1793.0,51.0,95.0,0.0
WS,14,beta_gamma,0.05,0.05,5,26.0,53.0,1.0,1.0,307.0,0.949,18314.0,0.995,19736.0,18741.0,944.0,212.0,0.0
WS,14,beta_gamma,0.05,0.1,5,26.0,79.0,1.0,1.0,85.0,0.591,5620.0,0.858,11451.0,10593.0,586.0,137.0,0.0
WS,14,beta_gamma,0.15,0.05,5,8.0,16.0,1.0,1.0,608.0,1.0,20245.0,0.995,7793.0,6798.0,995.0,175.0,0.0
WS,14,beta_gamma,0.15,0.1,5,9.0,19.0,1.0,1.0,447.0,0.998,10168.0,0.995,7417.0,6422.0,993.0,101.0,0.0
WS,14,seed_count,0.15,0.05,1,13.0,21.0,1.0,1.0,603.0,1.0,20171.0,0.999,7820.0,6821.0,999.0,145.0,0.0
WS,14,seed_count,0.15,0.05,5,9.0,17.0,1.0,1.0,658.0,1.0,21031.0,0.995,7639.0,6644.0,995.0,129.0,0.0
WS,14,seed_count,0.15,0.05,10,5.0,11.0,1.0,1.0,662.0,1.0,20238.0,0.99,7077.0,6087.0,990.0,161.0,0.0
WS,13,beta_gamma,0.005,0.05,5,,,0.0,0.0,5.0,0.009,184.0,0.038,894.0,856.0,4.0,80.0,0.0
WS,13,beta_gamma,0.005,0.1,5,,,0.0,0.0,5.0,0.006,99.0,0.032,551.0,519.0,1.0,47.0,0.0
WS,13,beta_gamma,0.01,0.05,5,,,0.0,0.0,6.0,0.015,329.0,0.055,1468.0,1413.0,10.0,97.0,0.0
WS,13,beta_gamma,0.01,0.1,5,,,0.0,0.0,5.0,0.006,51.0,0.032,301.0,269.0,1.0,19.0,0.0
WS,13,beta_gamma,0.02,0.05,5,206.0,,1.0,0.0,47.0,0.478,9835.0,0.791,23505.0,22714.0,473.0,500.0,0.0
WS,13,beta_gamma,0.02,0.1,5,,,0.0,0.0,10.0,0.019,235.0,0.062,863.0,801.0,14.0,44.0,0.0
WS,13,beta_gamma,0.05,0.05,5,25.0,52.0,1.0,1.0,298.0,0.957,18673.0,0.986,19252.0,18266.0,952.0,179.0,0.0
WS,13,beta_gamma,0.05,0.1,5,70.0,144.0,1.0,1.0,86.0,0.661,6495.0,0.908,12818.0,11910.0,656.0,289.0,0.0
WS,13,beta_gamma,0.15,0.05,5,7.0,15.0,1.0,1.0,665.0,0.999,20353.0,0.995,7592.0,6597.0,994.0,164.0,0.0
WS,13,beta_gamma,0.15,0.1,5,8.0,16.0,1.0,1.0,401.0,0.993,9748.0,0.995,7133.0,6138.0,988.0,92.0,0.0
WS,13,seed_count,0.15,0.05,1,13.0,20.0,1.0,1.0,639.0,1.0,20356.0,0.999,7556.0,6557.0,999.0,158.0,0.0
WS,13,seed_count,0.15,0.05,5,10.0,20.0,1.0,1.0,620.0,1.0,19030.0,0.995,7474.0,6479.0,995.0,212.0,0.0
WS,13,seed_count,0.15,0.05,10,6.0,15.0,1.0,1.0,641.0,1.0,20054.0,0.99,7502.0,6512.0,990.0,154.0,0.0
WS,18,beta_gamma,0.005,0.05,5,,,0.0,0.0,5.0,0.007,55.0,0.032,286.0,254.0,2.0,20.0,0.0
WS,18,beta_gamma,0.005,0.1,5,,,0.0,0.0,5.0,0.006,54.0,0.035,357.0,322.0,1.0,28.0,0.0
WS,18,beta_gamma,0.01,0.05,5,,,0.0,0.0,9.0,0.019,420.0,0.06,1591.0,1531.0,14.0,95.0,0.0
WS,18,beta_gamma,0.01,0.1,5,,,0.0,0.0,5.0,0.009,113.0,0.035,520.0,485.0,4.0,42.0,0.0
WS,18,beta_gamma,0.02,0.05,5,,,0.0,0.0,7.0,0.017,236.0,0.051,710.0,659.0,12.0,62.0,0.0
WS,18,beta_gamma,0.02,0.1,5,,,0.0,0.0,9.0,0.024,168.0,0.071,654.0,583.0,19.0,35.0,0.0
WS,18,beta_gamma,0.05,0.05,5,21.0,54.0,1.0,1.0,299.0,0.963,18571.0,0.994,19532.0,18538.0,958.0,215.0,0.0
WS,18,beta_gamma,0.05,0.1,5,28.0,108.0,1.0,1.0,76.0,0.64,6340.0,0.889,12933.0,12044.0,635.0,236.0,0.0
WS,18,beta_gamma,0.15,0.05,5,8.0,15.0,1.0,1.0,607.0,1.0,18358.0,0.995,7633.0,6638.0,995.0,142.0,0.0
WS,18,beta_gamma,0.15,0.1,5,11.0,20.0,1.0,1.0,409.0,0.99,9957.0,0.995,7163.0,6168.0,985.0,95.0,0.0
WS,18,seed_count,0.15,0.05,1,14.0,23.0,1.0,1.0,604.0,1.0,18810.0,0.999,7540.0,6541.0,999.0,137.0,0.0
WS,18,seed_count,0.15,0.05,5,8.0,17.0,1.0,1.0,640.0,1.0,20154.0,0.995,7428.0,6433.0,995.0,210.0,0.0
WS,18,seed_count,0.15,0.05,10,6.0,13.0,1.0,1.0,640.0,1.0,19420.0,0.99,7549.0,6559.0,990.0,194.0,0.0
WS,19,beta_gamma,0.005,0.05,5,,,0.0,0.0,6.0,0.01,223.0,0.044,1179.0,1135.0,5.0,86.0,0.0
WS,19,beta_gamma,0.005,0.1,5,,,0.0,0.0,5.0,0.005,17.0,0.031,111.0,80.0,0.0,9.0,0.0
WS,19,beta_gamma,0.01,0.05,5,,,0.0,0.0,5.0,0.006,42.0,0.036,246.0,210.0,1.0,17.0,0.0
WS,19,beta_gamma,0.01,0.1,5,,,0.0,0.0,5.0,0.009,75.0,0.038,387.0,349.0,4.0,25.0,0.0
WS,19,beta_gamma,0.02,0.05,5,71.0,,1.0,0.0,44.0,0.32,6893.0,0.603,16138.0,15535.0,315.0,359.0,0.0
WS,19,beta_gamma,0.02,0.1,5,,,0.0,0.0,15.0,0.039,374.0,0.099,1302.0,1203.0,34.0,53.0,0.0
WS,19,beta_gamma,0.05,0.05,5,22.0,51.0,1.0,1.0,302.0,0.974,19460.0,0.994,19664.0,18670.0,969.0,196.0,0.0
WS,19,beta_gamma,0.05,0.1,5,29.0,,1.0,0.0,48.0,0.418,4053.0,0.679,8516.0,7837.0,413.0,142.0,0.0
WS,19,beta_gamma,0.15,0.05,5,7.0,15.0,1.0,1.0,681.0,1.0,20236.0,0.995,7039.0,6044.0,995.0,165.0,0.0
WS,19,beta_gamma,0.15,0.1,5,10.0,17.0,1.0,1.0,473.0,0.988,9510.0,0.992,7340.0,6348.0,983.0,87.0,0.0
WS,19,seed_count,0.15,0.05,1,13.0,21.0,1.0,1.0,618.0,1.0,18547.0,0.999,7306.0,6307.0,999.0,171.0,0.0
WS,19,seed_count,0.15,0.05,5,8.0,16.0,1.0,1.0,636.0,1.0,18577.0,0.995,7891.0,6896.0,995.0,127.0,0.0
WS,19,seed_count,0.15,0.05,10,7.0,16.0,1.0,1.0,647.0,1.0,19789.0,0.99,7567.0,6577.0,990.0,155.0,0.0
BA,1,beta_gamma,0.005,0.05,5,,,0.0,0.0,7.0,0.014,211.0,0.17,2545.0,2375.0,9.0,69.0,0.0
BA,1,beta_gamma,0.005,0.1,5,,,0.0,0.0,6.0,0.008,50.0,0.058,270.0,212.0,3.0,22.0,0.0
BA,1,beta_gamma,0.01,0.05,5,84.0,,1.0,0.0,55.0,0.324,6769.0,0.922,35796.0,34874.0,319.0,291.0,0.0
BA,1,beta_gamma,0.01,0.1,5,,,0.0,0.0,27.0,0.098,1071.0,0.61,8813.0,8203.0,93.0,102.0,0.0
BA,1,beta_gamma,0.02,0.05,5,20.0,54.0,1.0,1.0,214.0,0.714,14369.0,0.994,34500.0,33506.0,709.0,208.0,0.0
BA,1,beta_gamma,0.02,0.1,5,30.0,,1.0,0.0,59.0,0.336,3329.0,0.927,17112.0,16185.0,331.0,147.0,0.0
BA,1,beta_gamma,0.05,0.05,5,11.0,20.0,1.0,1.0,506.0,0.937,19095.0,0.995,18639.0,17644.0,932.0,154.0,0.0
BA,1,beta_gamma,0.05,0.1,5,12.0,25.0,1.0,1.0,255.0,0.741,7486.0,0.995,15382.0,14387.0,736.0,88.0,0.0
BA,1,beta_gamma,0.15,0.05,5,3.0,6.0,1.0,1.0,735.0,0.993,18804.0,0.995,7164.0,6169.0,988.0,198.0,0.0
BA,1,beta_gamma,0.15,0.1,5,5.0,8.0,1.0,1.0,617.0,0.963,9375.0,0.995,6968.0,5973.0,958.0,79.0,0.0
BA,1,seed_count,0.15,0.05,1,7.0,10.0,1.0,1.0,706.0,0.986,18900.0,0.999,7611.0,6612.0,985.0,130.0,0.0
BA,1,seed_count,0.15,0.05,5,5.0,8.0,1.0,1.0,754.0,0.993,20489.0,0.995,7315.0,6320.0,988.0,162.0,0.0
BA,1,seed_count,0.15,0.05,10,4.0,7.0,1.0,1.0,719.0,0.989,20114.0,0.99,7300.0,6310.0,979.0,142.0,0.0
BA,2,beta_gamma,0.005,0.05,5,,,0.0,0.0,6.0,0.008,110.0,0.031,329.0,298.0,3.0,42.0,0.0
BA,2,beta_gamma,0.005,0.1,5,,,0.0,0.0,5.0,0.005,25.0,0.031,156.0,125.0,0.0,9.0,0.0
BA,2,beta_gamma,0.01,0.05,5,,,0.0,0.0,5.0,0.005,85.0,0.023,384.0,361.0,0.0,42.0,0.0
BA,2,beta_gamma,0.01,0.1,5,,,0.0,0.0,7.0,0.025,205.0,0.198,2055.0,1857.0,20.0,67.0,0.0
BA,2,beta_gamma,0.02,0.05,5,24.0,79.0,1.0,1.0,170.0,0.617,13345.0,0.986,33480.0,32494.0,612.0,237.0,0.0
BA,2,beta_gamma,0.02,0.1,5,18.0,,1.0,0.0,116.0,0.393,4073.0,0.953,19602.0,18649.0,388.0,113.0,0.0
BA,2,beta_gamma,0.05,0.05,5,10.0,19.0,1.0,1.0,505.0,0.946,19504.0,0.995,19402.0,18407.0,941.0,171.0,0.0
BA,2,beta_gamma,0.05,0.1,5,16.0,26.0,1.0,1.0,291.0,0.781,7822.0,0.994,16503.0,15509.0,776.0,123.0,0.0
BA,2,beta_gamma,0.15,0.05,5,5.0,8.0,1.0,1.0,734.0,0.993,19517.0,0.995,7248.0,6253.0,988.0,144.0,0.0
BA,2,beta_gamma,0.15,0.1,5,6.0,9.0,1.0,1.0,584.0,0.977,9880.0,0.995,7477.0,6482.0,972.0,90.0,0.0
BA,2,seed_count,0.15,0.05,1,6.0,9.0,1.0,1.0,752.0,0.996,19642.0,0.999,7495.0,6496.0,995.0,195.0,0.0
BA,2,seed_count,0.15,0.05,5,4.0,7.0,1.0,1.0,717.0,0.996,19932.0,0.995,7614.0,6619.0,991.0,152.0,0.0
BA,2,seed_count,0.15,0.05,10,3.0,6.0,1.0,1.0,725.0,0.997,20615.0,0.99,7669.0,6679.0,987.0,130.0,0.0
BA,3,beta_gamma,0.005,0.05,5,,,0.0,0.0,9.0,0.025,463.0,0.196,3151.0,2955.0,20.0,85.0,0.0
BA,3,beta_gamma,0.005,0.1,5,,,0.0,0.0,5.0,0.009,49.0,0.089,540.0,451.0,4.0,21.0,0.0
BA,3,beta_gamma,0.01,0.05,5,,,0.0,0.0,8.0,0.019,227.0,0.103,767.0,664.0,14.0,54.0,0.0
BA,3,beta_gamma,0.01,0.1,5,,,0.0,0.0,5.0,0.005,42.0,0.018,160.0,142.0,0.0,15.0,0.0
BA,3,beta_gamma,0.02,0.05,5,27.0,63.0,1.0,1.0,218.0,0.696,14693.0,0.991,33982.0,32991.0,691.0,232.0,0.0
BA,3,beta_gamma,0.02,0.1,5,,,0.0,0.0,8.0,0.015,102.0,0.1,694.0,594.0,10.0,29.0,0.0
BA,3,beta_gamma,0.05,0.05,5,11.0,20.0,1.0,1.0,461.0,0.932,19723.0,0.995,19299.0,18304.0,927.0,199.0,0.0
BA,3,beta_gamma,0.05,0.1,5,12.0,24.0,1.0,1.0,274.0,0.759,7664.0,0.995,15654.0,14659.0,754.0,104.0,0.0
BA,3,beta_gamma,0.15,0.05,5,4.0,7.0,1.0,1.0,736.0,0.996,20236.0,0.995,7294.0,6299.0,991.0,120.0,0.0
BA,3,beta_gamma,0.15,0.1,5,5.0,8.0,1.0,1.0,602.0,0.98,9304.0,0.995,6948.0,5953.0,975.0,82.0,0.0
BA,3,seed_count,0.15,0.05,1,8.0,11.0,1.0,1.0,739.0,0.998,20351.0,0.999,7332.0,6333.0,997.0,149.0,0.0
BA,3,seed_count,0.15,0.05,5,5.0,8.0,1.0,1.0,751.0,0.996,20667.0,0.995,7758.0,6763.0,991.0,191.0,0.0
BA,3,seed_count,0.15,0.05,10,3.0,6.0,1.0,1.0,754.0,0.996,21231.0,0.99,7597.0,6607.0,986.0,138.0,0.0
BA,0,beta_gamma,0.005,0.05,5,,,0.0,0.0,7.0,0.009,202.0,0.039,743.0,704.0,4.0,42.0,0.0
BA,0,beta_gamma,0.005,0.1,5,,,0.0,0.0,5.0,0.005,39.0,0.025,180.0,155.0,0.0,18.0,0.0
BA,0,beta_gamma,0.01,0.05,5,50.0,,1.0,0.0,84.0,0.387,7352.0,0.959,37819.0,36860.0,382.0,253.0,0.0
BA,0,beta_gamma,0.01,0.1,5,,,0.0,0.0,5.0,0.009,78.0,0.038,320.0,282.0,4.0,47.0,0.0
BA,0,beta_gamma,0.02,0.05,5,21.0,58.0,1.0,1.0,206.0,0.682,13920.0,0.992,34112.0,33120.0,677.0,200.0,0.0
BA,0,beta_gamma,0.02,0.1,5,18.0,,1.0,0.0,84.0,0.304,2933.0,0.925,15145.0,14220.0,299.0,83.0,0.0
BA,0,beta_gamma,0.05,0.05,5,7.0,16.0,1.0,1.0,498.0,0.939,19980.0,0.995,19329.0,18334.0,934.0,220.0,0.0
BA,0,beta_gamma,0.05,0.1,5,8.0,20.0,1.0,1.0,282.0,0.763,7760.0,0.994,16496.0,15502.0,758.0,118.0,0.0
BA,0,beta_gamma,0.15,0.05,5,6.0,9.0,1.0,1.0,749.0,0.998,19323.0,0.995,7502.0,6507.0,993.0,130.0,0.0
BA,0,beta_gamma,0.15,0.1,5,5.0,8.0,1.0,1.0,607.0,0.975,9881.0,0.995,7146.0,6151.0,970.0,72.0,0.0
BA,0,seed_count,0.15,0.05,1,7.0,10.0,1.0,1.0,740.0,0.996,20157.0,0.999,7480.0,6481.0,995.0,146.0,0.0
BA,0,seed_count,0.15,0.05,5,4.0,8.0,1.0,1.0,732.0,0.994,19453.0,0.995,7675.0,6680.0,989.0,132.0,0.0
BA,0,seed_count,0.15,0.05,10,3.0,6.0,1.0,1.0,719.0,0.992,19736.0,0.99,7481.0,6491.0,982.0,132.0,0.0
BA,4,beta_gamma,0.005,0.05,5,,,0.0,0.0,5.0,0.008,123.0,0.066,1569.0,1503.0,3.0,37.0,0.0
BA,4,beta_gamma,0.005,0.1,5,,,0.0,0.0,6.0,0.007,71.0,0.045,405.0,360.0,2.0,18.0,0.0
BA,4,beta_gamma,0.01,0.05,5,,,0.0,0.0,7.0,0.011,145.0,0.083,563.0,480.0,6.0,39.0,0.0
BA,4,beta_gamma,0.01,0.1,5,,,0.0,0.0,21.0,0.07,717.0,0.451,6339.0,5888.0,65.0,88.0,0.0
BA,4,beta_gamma,0.02,0.05,5,15.0,54.0,1.0,1.0,199.0,0.636,12447.0,0.994,32037.0,31043.0,631.0,220.0,0.0
BA,4,beta_gamma,0.02,0.1,5,23.0,,1.0,0.0,79.0,0.341,3561.0,0.926,17320.0,16394.0,336.0,167.0,0.0
BA,4,beta_gamma,0.05,0.05,5,18.0,27.0,1.0,1.0,503.0,0.934,18461.0,0.995,19026.0,18031.0,929.0,140.0,0.0
BA,4,beta_gamma,0.05,0.1,5,11.0,21.0,1.0,1.0,299.0,0.783,7775.0,0.995,16023.0,15028.0,778.0,99.0,0.0
BA,4,beta_gamma,0.15,0.05,5,5.0,8.0,1.0,1.0,774.0,0.997,20500.0,0.995,7684.0,6689.0,992.0,169.0,0.0
BA,4,beta_gamma,0.15,0.1,5,6.0,10.0,1.0,1.0,558.0,0.967,9325.0,0.995,7399.0,6404.0,962.0,71.0,0.0
BA,4,seed_count,0.15,0.05,1,6.0,9.0,1.0,1.0,726.0,0.994,19438.0,0.999,7312.0,6313.0,993.0,148.0,0.0
BA,4,seed_count,0.15,0.05,5,4.0,7.0,1.0,1.0,732.0,0.996,20382.0,0.995,7219.0,6224.0,991.0,176.0,0.0
BA,4,seed_count,0.15,0.05,10,3.0,6.0,1.0,1.0,732.0,0.997,20506.0,0.99,7390.0,6400.0,987.0,181.0,0.0
BA,5,beta_gamma,0.005,0.05,5,,,0.0,0.0,18.0,0.06,1343.0,0.491,11909.0,11418.0,55.0,184.0,0.0
BA,5,beta_gamma,0.005,0.1,5,,,0.0,0.0,5.0,0.006,53.0,0.025,163.0,138.0,1.0,30.0,0.0
BA,5,beta_gamma,0.01,0.05,5,,,0.0,0.0,8.0,0.016,287.0,0.103,1251.0,1148.0,11.0,69.0,0.0
BA,5,beta_gamma,0.01,0.1,5,,,0.0,0.0,11.0,0.036,371.0,0.258,2415.0,2157.0,31.0,68.0,0.0
BA,5,beta_gamma,0.02,0.05,5,23.0,54.0,1.0,1.0,211.0,0.675,12701.0,0.993,32659.0,31666.0,670.0,205.0,0.0
BA,5,beta_gamma,0.02,0.1,5,19.0,,1.0,0.0,87.0,0.344,3508.0,0.927,17424.0,16497.0,339.0,106.0,0.0
BA,5,beta_gamma,0.05,0.05,5,12.0,21.0,1.0,1.0,475.0,0.927,18409.0,0.995,19635.0,18640.0,922.0,171.0,0.0
BA,5,beta_gamma,0.05,0.1,5,9.0,18.0,1.0,1.0,330.0,0.797,7898.0,0.995,15828.0,14833.0,792.0,82.0,0.0
BA,5,beta_gamma,0.15,0.05,5,4.0,7.0,1.0,1.0,743.0,0.986,19030.0,0.995,7566.0,6571.0,981.0,172.0,0.0
BA,5,beta_gamma,0.15,0.1,5,5.0,8.0,1.0,1.0,622.0,0.98,9983.0,0.995,7106.0,6111.0,975.0,105.0,0.0
BA,5,seed_count,0.15,0.05,1,6.0,9.0,1.0,1.0,738.0,0.999,19845.0,0.999,7592.0,6593.0,998.0,231.0,0.0
BA,5,seed_count,0.15,0.05,5,6.0,9.0,1.0,1.0,724.0,0.994,20340.0,0.995,7827.0,6832.0,989.0,172.0,0.0
BA,5,seed_count,0.15,0.05,10,3.0,6.0,1.0,1.0,732.0,0.998,20251.0,0.99,7268.0,6278.0,988.0,175.0,0.0
BA,6,beta_gamma,0.005,0.05,5,,,0.0,0.0,5.0,0.007,204.0,0.025,600.0,575.0,2.0,90.0,0.0
BA,6,beta_gamma,0.005,0.1,5,,,0.0,0.0,5.0,0.007,38.0,0.048,309.0,261.0,2.0,13.0,0.0
BA,6,beta_gamma,0.01,0.05,5,63.0,,1.0,0.0,75.0,0.38,7392.0,0.946,37712.0,36766.0,375.0,251.0,0.0
BA,6,beta_gamma,0.01,0.1,5,,,0.0,0.0,6.0,0.007,67.0,0.029,257.0,228.0,2.0,20.0,0.0
BA,6,beta_gamma,0.02,0.05,5,30.0,70.0,1.0,1.0,181.0,0.609,12041.0,0.99,30932.0,29942.0,604.0,285.0,0.0
BA,6,beta_gamma,0.02,0.1,5,70.0,,1.0,0.0,95.0,0.361,3451.0,0.942,16818.0,15876.0,356.0,179.0,0.0
BA,6,beta_gamma,0.05,0.05,5,15.0,25.0,1.0,1.0,479.0,0.931,18670.0,0.995,19597.0,18602.0,926.0,137.0,0.0
BA,6,beta_gamma,0.05,0.1,5,8.0,19.0,1.0,1.0,284.0,0.784,7800.0,0.995,14873.0,13878.0,779.0,103.0,0.0
BA,6,beta_gamma,0.15,0.05,5,4.0,7.0,1.0,1.0,726.0,0.992,19979.0,0.995,7636.0,6641.0,987.0,195.0,0.0
BA,6,beta_gamma,0.15,0.1,5,3.0,7.0,1.0,1.0,601.0,0.985,10016.0,0.995,7629.0,6634.0,980.0,78.0,0.0
BA,6,seed_count,0.15,0.05,1,6.0,9.0,1.0,1.0,731.0,0.994,19824.0,0.999,7390.0,6391.0,993.0,129.0,0.0
BA,6,seed_count,0.15,0.05,5,3.0,6.0,1.0,1.0,727.0,0.993,19973.0,0.995,7548.0,6553.0,988.0,165.0,0.0
BA,6,seed_count,0.15,0.05,10,4.0,7.0,1.0,1.0,736.0,0.997,19586.0,0.99,7513.0,6523.0,987.0,143.0,0.0
BA,7,beta_gamma,0.005,0.05,5,132.0,,1.0,0.0,23.0,0.111,2567.0,0.663,19476.0,18813.0,106.0,212.0,0.0
BA,7,beta_gamma,0.005,0.1,5,,,0.0,0.0,5.0,0.005,35.0,0.035,268.0,233.0,0.0,10.0,0.0
BA,7,beta_gamma,0.01,0.05,5,65.0,,1.0,0.0,70.0,0.411,9401.0,0.967,39659.0,38692.0,406.0,318.0,0.0
BA,7,beta_gamma,0.01,0.1,5,,,0.0,0.0,5.0,0.005,25.0,0.035,104.0,69.0,0.0,9.0,0.0
BA,7,beta_gamma,0.02,0.05,5,22.0,58.0,1.0,1.0,190.0,0.665,14326.0,0.987,34184.0,33197.0,660.0,223.0,0.0
BA,7,beta_gamma,0.02,0.1,5,,,0.0,0.0,6.0,0.006,34.0,0.026,139.0,113.0,1.0,8.0,0.0
BA,7,beta_gamma,0.05,0.05,5,9.0,17.0,1.0,1.0,488.0,0.932,19237.0,0.995,18579.0,17584.0,927.0,218.0,0.0
BA,7,beta_gamma,0.05,0.1,5,16.0,31.0,1.0,1.0,223.0,0.738,7115.0,0.995,14800.0,13805.0,733.0,121.0,0.0
BA,7,beta_gamma,0.15,0.05,5,4.0,7.0,1.0,1.0,735.0,0.993,19724.0,0.995,7533.0,6538.0,988.0,155.0,0.0
BA,7,beta_gamma,0.15,0.1,5,6.0,9.0,1.0,1.0,586.0,0.98,9487.0,0.995,7325.0,6330.0,975.0,73.0,0.0
BA,7,seed_count,0.15,0.05,1,6.0,9.0,1.0,1.0,704.0,0.994,19133.0,0.999,7408.0,6409.0,993.0,136.0,0.0
BA,7,seed_count,0.15,0.05,5,4.0,7.0,1.0,1.0,732.0,0.994,19844.0,0.995,7489.0,6494.0,989.0,190.0,0.0
BA,7,seed_count,0.15,0.05,10,4.0,7.0,1.0,1.0,729.0,0.995,20103.0,0.99,7187.0,6197.0,985.0,151.0,0.0
BA,10,beta_gamma,0.005,0.05,5,,,0.0,0.0,5.0,0.006,132.0,0.044,703.0,659.0,1.0,57.0,0.0
BA,10,beta_gamma,0.005,0.1,5,,,0.0,0.0,5.0,0.005,82.0,0.017,300.0,283.0,0.0,41.0,0.0
BA,10,beta_gamma,0.01,0.05,5,53.0,,1.0,0.0,39.0,0.306,6622.0,0.924,31056.0,30132.0,301.0,331.0,0.0
BA,10,beta_gamma,0.01,0.1,5,,,0.0,0.0,5.0,0.005,88.0,0.024,336.0,312.0,0.0,42.0,0.0
BA,10,beta_gamma,0.02,0.05,5,33.0,67.0,1.0,1.0,203.0,0.699,14383.0,0.993,37508.0,36515.0,694.0,210.0,0.0
BA,10,beta_gamma,0.02,0.1,5,22.0,,1.0,0.0,86.0,0.344,3620.0,0.942,16710.0,15768.0,339.0,105.0,0.0
BA,10,beta_gamma,0.05,0.05,5,15.0,24.0,1.0,1.0,468.0,0.935,19086.0,0.995,19461.0,18466.0,930.0,251.0,0.0
BA,10,beta_gamma,0.05,0.1,5,10.0,23.0,1.0,1.0,262.0,0.776,7604.0,0.994,15103.0,14109.0,771.0,91.0,0.0
BA,10,beta_gamma,0.15,0.05,5,4.0,7.0,1.0,1.0,738.0,0.994,19525.0,0.995,7739.0,6744.0,989.0,136.0,0.0
BA,10,beta_gamma,0.15,0.1,5,5.0,8.0,1.0,1.0,617.0,0.971,9869.0,0.995,7159.0,6164.0,966.0,79.0,0.0
BA,10,seed_count,0.15,0.05,1,4.0,7.0,1.0,1.0,758.0,0.998,20279.0,0.999,7741.0,6742.0,997.0,152.0,0.0
BA,10,seed_count,0.15,0.05,5,4.0,7.0,1.0,1.0,737.0,0.991,18855.0,0.995,7251.0,6256.0,986.0,177.0,0.0
BA,10,seed_count,0.15,0.05,10,4.0,6.0,1.0,1.0,749.0,0.996,19930.0,0.99,7080.0,6090.0,986.0,180.0,0.0
BA,8,beta_gamma,0.005,0.05,5,,,0.0,0.0,16.0,0.052,1072.0,0.373,10328.0,9955.0,47.0,155.0,0.0
BA,8,beta_gamma,0.005,0.1,5,,,0.0,0.0,14.0,0.068,852.0,0.496,10248.0,9752.0,63.0,107.0,0.0
BA,8,beta_gamma,0.01,0.05,5,44.0,,1.0,0.0,101.0,0.374,7186.0,0.957,35814.0,34857.0,369.0,204.0,0.0
BA,8,beta_gamma,0.01,0.1,5,,,0.0,0.0,6.0,0.008,99.0,0.048,673.0,625.0,3.0,41.0,0.0
BA,8,beta_gamma,0.02,0.05,5,17.0,47.0,1.0,1.0,227.0,0.683,13581.0,0.995,33944.0,32949.0,678.0,236.0,0.0
BA,8,beta_gamma,0.02,0.1,5,,,0.0,0.0,5.0,0.008,76.0,0.036,287.0,251.0,3.0,27.0,0.0
BA,8,beta_gamma,0.05,0.05,5,11.0,19.0,1.0,1.0,509.0,0.948,19172.0,0.995,19286.0,18291.0,943.0,165.0,0.0
BA,8,beta_gamma,0.05,0.1,5,10.0,21.0,1.0,1.0,256.0,0.745,7213.0,0.994,14968.0,13974.0,740.0,90.0,0.0
BA,8,beta_gamma,0.15,0.05,5,4.0,8.0,1.0,1.0,717.0,0.996,20744.0,0.995,7868.0,6873.0,991.0,212.0,0.0
BA,8,beta_gamma,0.15,0.1,5,4.0,7.0,1.0,1.0,602.0,0.972,10054.0,0.995,7041.0,6046.0,967.0,87.0,0.0
BA,8,seed_count,0.15,0.05,1,6.0,9.0,1.0,1.0,725.0,0.994,20150.0,0.999,7474.0,6475.0,993.0,166.0,0.0
BA,8,seed_count,0.15,0.05,5,5.0,8.0,1.0,1.0,764.0,1.0,21284.0,0.995,7525.0,6530.0,995.0,140.0,0.0
BA,8,seed_count,0.15,0.05,10,4.0,8.0,1.0,1.0,720.0,0.993,19411.0,0.99,7687.0,6697.0,983.0,141.0,0.0
BA,12,beta_gamma,0.005,0.05,5,,,0.0,0.0,6.0,0.007,104.0,0.036,266.0,230.0,2.0,48.0,0.0
BA,12,beta_gamma,0.005,0.1,5,,,0.0,0.0,15.0,0.047,601.0,0.482,6787.0,6305.0,42.0,84.0,0.0
BA,12,beta_gamma,0.01,0.05,5,67.0,,1.0,0.0,66.0,0.359,7020.0,0.936,35236.0,34300.0,354.0,290.0,0.0
BA,12,beta_gamma,0.01,0.1,5,,,0.0,0.0,8.0,0.021,242.0,0.141,1485.0,1344.0,16.0,97.0,0.0
BA,12,beta_gamma,0.02,0.05,5,58.0,102.0,1.0,1.0,190.0,0.652,13193.0,0.993,34676.0,33683.0,647.0,243.0,0.0
BA,12,beta_gamma,0.02,0.1,5,33.0,,1.0,0.0,66.0,0.33,3304.0,0.924,16583.0,15659.0,325.0,149.0,0.0
BA,12,beta_gamma,0.05,0.05,5,12.0,20.0,1.0,1.0,453.0,0.908,17757.0,0.995,19356.0,18361.0,903.0,229.0,0.0
BA,12,beta_gamma,0.05,0.1,5,10.0,22.0,1.0,1.0,267.0,0.767,7313.0,0.993,14575.0,13582.0,762.0,91.0,0.0
BA,12,beta_gamma,0.15,0.05,5,5.0,8.0,1.0,1.0,722.0,0.991,18645.0,0.995,7308.0,6313.0,986.0,160.0,0.0
BA,12,beta_gamma,0.15,0.1,5,5.0,8.0,1.0,1.0,618.0,0.977,9607.0,0.995,7204.0,6209.0,972.0,63.0,0.0
BA,12,seed_count,0.15,0.05,1,8.0,11.0,1.0,1.0,714.0,0.995,19601.0,0.999,7585.0,6586.0,994.0,178.0,0.0
BA,12,seed_count,0.15,0.05,5,3.0,6.0,1.0,1.0,735.0,0.995,19971.0,0.995,7760.0,6765.0,990.0,125.0,0.0
BA,12,seed_count,0.15,0.05,10,3.0,6.0,1.0,1.0,750.0,0.997,20089.0,0.99,7355.0,6365.0,987.0,167.0,0.0
BA,11,beta_gamma,0.005,0.05,5,,,0.0,0.0,15.0,0.052,1160.0,0.301,8649.0,8348.0,47.0,188.0,0.0
BA,11,beta_gamma,0.005,0.1,5,,,0.0,0.0,5.0,0.006,70.0,0.04,414.0,374.0,1.0,21.0,0.0
BA,11,beta_gamma,0.01,0.05,5,46.0,,1.0,0.0,71.0,0.341,7190.0,0.918,35998.0,35080.0,336.0,259.0,0.0
BA,11,beta_gamma,0.01,0.1,5,,,0.0,0.0,7.0,0.018,187.0,0.145,963.0,818.0,13.0,55.0,0.0
BA,11,beta_gamma,0.02,0.05,5,19.0,43.0,1.0,1.0,261.0,0.717,14576.0,0.995,34387.0,33392.0,712.0,167.0,0.0
BA,11,beta_gamma,0.02,0.1,5,40.0,,1.0,0.0,77.0,0.36,3580.0,0.941,16552.0,15611.0,355.0,132.0,0.0
BA,11,beta_gamma,0.05,0.05,5,6.0,15.0,1.0,1.0,455.0,0.901,17743.0,0.995,18605.0,17610.0,896.0,157.0,0.0
BA,11,beta_gamma,0.05,0.1,5,12.0,24.0,1.0,1.0,259.0,0.76,7406.0,0.995,16148.0,15153.0,755.0,91.0,0.0
BA,11,beta_gamma,0.15,0.05,5,4.0,7.0,1.0,1.0,739.0,0.997,20299.0,0.995,7351.0,6356.0,992.0,131.0,0.0
BA,11,beta_gamma,0.15,0.1,5,4.0,7.0,1.0,1.0,614.0,0.987,10654.0,0.995,7253.0,6258.0,982.0,74.0,0.0
BA,11,seed_count,0.15,0.05,1,9.0,12.0,1.0,1.0,760.0,0.997,20247.0,0.999,7278.0,6279.0,996.0,145.0,0.0
BA,11,seed_count,0.15,0.05,5,4.0,7.0,1.0,1.0,740.0,0.997,19673.0,0.995,7257.0,6262.0,992.0,129.0,0.0
BA,11,seed_count,0.15,0.05,10,4.0,7.0,1.0,1.0,742.0,0.998,20842.0,0.99,7699.0,6709.0,988.0,155.0,0.0
BA,9,beta_gamma,0.005,0.05,5,,,0.0,0.0,5.0,0.005,71.0,0.024,354.0,330.0,0.0,20.0,0.0
BA,9,beta_gamma,0.005,0.1,5,,,0.0,0.0,6.0,0.013,105.0,0.066,564.0,498.0,8.0,42.0,0.0
BA,9,beta_gamma,0.01,0.05,5,122.0,,1.0,0.0,34.0,0.236,4639.0,0.875,21362.0,20487.0,231.0,318.0,0.0
BA,9,beta_gamma,0.01,0.1,5,,,0.0,0.0,5.0,0.005,30.0,0.021,114.0,93.0,0.0,12.0,0.0
BA,9,beta_gamma,0.02,0.05,5,29.0,62.0,1.0,1.0,222.0,0.676,13273.0,0.993,32608.0,31615.0,671.0,240.0,0.0
BA,9,beta_gamma,0.02,0.1,5,24.0,,1.0,0.0,91.0,0.361,3553.0,0.938,16698.0,15760.0,356.0,111.0,0.0
BA,9,beta_gamma,0.05,0.05,5,9.0,18.0,1.0,1.0,507.0,0.928,18843.0,0.995,19261.0,18266.0,923.0,170.0,0.0
BA,9,beta_gamma,0.05,0.1,5,11.0,22.0,1.0,1.0,283.0,0.777,7576.0,0.995,16117.0,15122.0,772.0,87.0,0.0
BA,9,beta_gamma,0.15,0.05,5,3.0,6.0,1.0,1.0,742.0,0.993,18884.0,0.995,7057.0,6062.0,988.0,130.0,0.0
BA,9,beta_gamma,0.15,0.1,5,5.0,8.0,1.0,1.0,604.0,0.979,10136.0,0.995,7329.0,6334.0,974.0,75.0,0.0
BA,9,seed_count,0.15,0.05,1,10.0,13.0,1.0,1.0,734.0,0.993,20055.0,0.999,7390.0,6391.0,992.0,158.0,0.0
BA,9,seed_count,0.15,0.05,5,4.0,8.0,1.0,1.0,749.0,0.995,19612.0,0.995,7388.0,6393.0,990.0,154.0,0.0
BA,9,seed_count,0.15,0.05,10,4.0,7.0,1.0,1.0,727.0,0.997,19532.0,0.99,7043.0,6053.0,987.0,148.0,0.0
BA,13,beta_gamma,0.005,0.05,5,,,0.0,0.0,7.0,0.008,119.0,0.056,724.0,668.0,3.0,48.0,0.0
BA,13,beta_gamma,0.005,0.1,5,,,0.0,0.0,5.0,0.006,53.0,0.025,165.0,140.0,1.0,22.0,0.0
BA,13,beta_gamma,0.01,0.05,5,,,0.0,0.0,5.0,0.007,87.0,0.023,238.0,215.0,2.0,42.0,0.0
BA,13,beta_gamma,0.01,0.1,5,,,0.0,0.0,7.0,0.011,85.0,0.049,440.0,391.0,6.0,16.0,0.0
BA,13,beta_gamma,0.02,0.05,5,22.0,66.0,1.0,1.0,193.0,0.628,12601.0,0.992,32818.0,31826.0,623.0,296.0,0.0
BA,13,beta_gamma,0.02,0.1,5,18.0,,1.0,0.0,111.0,0.425,4404.0,0.96,19413.0,18453.0,420.0,114.0,0.0
BA,13,beta_gamma,0.05,0.05,5,10.0,20.0,1.0,1.0,412.0,0.905,18171.0,0.995,18865.0,17870.0,900.0,192.0,0.0
BA,13,beta_gamma,0.05,0.1,5,28.0,39.0,1.0,1.0,280.0,0.751,7359.0,0.995,15134.0,14139.0,746.0,108.0,0.0
BA,13,beta_gamma,0.15,0.05,5,5.0,8.0,1.0,1.0,736.0,0.993,20498.0,0.995,7479.0,6484.0,988.0,146.0,0.0
BA,13,beta_gamma,0.15,0.1,5,5.0,8.0,1.0,1.0,576.0,0.976,9700.0,0.995,7397.0,6402.0,971.0,63.0,0.0
BA,13,seed_count,0.15,0.05,1,6.0,9.0,1.0,1.0,738.0,0.997,19464.0,0.999,7573.0,6574.0,996.0,199.0,0.0
BA,13,seed_count,0.15,0.05,5,4.0,7.0,1.0,1.0,752.0,0.991,20495.0,0.995,7350.0,6355.0,986.0,174.0,0.0
BA,13,seed_count,0.15,0.05,10,4.0,7.0,1.0,1.0,753.0,0.998,19332.0,0.99,7511.0,6521.0,988.0,153.0,0.0
BA,14,beta_gamma,0.005,0.05,5,,,0.0,0.0,7.0,0.008,109.0,0.068,951.0,883.0,3.0,38.0,0.0
BA,14,beta_gamma,0.005,0.1,5,,,0.0,0.0,5.0,0.005,57.0,0.016,175.0,159.0,0.0,18.0,0.0
BA,14,beta_gamma,0.01,0.05,5,46.0,,1.0,0.0,92.0,0.368,7437.0,0.949,32846.0,31897.0,363.0,274.0,0.0
BA,14,beta_gamma,0.01,0.1,5,,,0.0,0.0,6.0,0.007,70.0,0.032,291.0,259.0,2.0,21.0,0.0
BA,14,beta_gamma,0.02,0.05,5,24.0,59.0,1.0,1.0,201.0,0.664,12880.0,0.992,31768.0,30776.0,659.0,255.0,0.0
BA,14,beta_gamma,0.02,0.1,5,18.0,,1.0,0.0,105.0,0.41,4201.0,0.96,19305.0,18345.0,405.0,146.0,0.0
BA,14,beta_gamma,0.05,0.05,5,10.0,19.0,1.0,1.0,457.0,0.914,18393.0,0.995,19178.0,18183.0,909.0,193.0,0.0
BA,14,beta_gamma,0.05,0.1,5,12.0,24.0,1.0,1.0,275.0,0.776,7745.0,0.995,15363.0,14368.0,771.0,106.0,0.0
BA,14,beta_gamma,0.15,0.05,5,4.0,7.0,1.0,1.0,754.0,0.994,20105.0,0.995,7291.0,6296.0,989.0,147.0,0.0
BA,14,beta_gamma,0.15,0.1,5,4.0,7.0,1.0,1.0,555.0,0.975,9542.0,0.995,7086.0,6091.0,970.0,68.0,0.0
BA,14,seed_count,0.15,0.05,1,5.0,8.0,1.0,1.0,741.0,0.996,20504.0,0.999,7203.0,6204.0,995.0,127.0,0.0
BA,14,seed_count,0.15,0.05,5,4.0,7.0,1.0,1.0,732.0,0.99,18867.0,0.995,7575.0,6580.0,985.0,119.0,0.0
BA,14,seed_count,0.15,0.05,10,4.0,6.0,1.0,1.0,734.0,0.993,19952.0,0.99,7728.0,6738.0,983.0,154.0,0.0
BA,15,beta_gamma,0.005,0.05,5,,,0.0,0.0,5.0,0.013,312.0,0.127,1699.0,1572.0,8.0,103.0,0.0
BA,15,beta_gamma,0.005,0.1,5,,,0.0,0.0,6.0,0.016,183.0,0.141,1510.0,1369.0,11.0,61.0,0.0
BA,15,beta_gamma,0.01,0.05,5,129.0,,1.0,0.0,58.0,0.275,5388.0,0.909,26813.0,25904.0,270.0,336.0,0.0
BA,15,beta_gamma,0.01,0.1,5,,,0.0,0.0,5.0,0.005,27.0,0.021,125.0,104.0,0.0,11.0,0.0
BA,15,beta_gamma,0.02,0.05,5,21.0,55.0,1.0,1.0,223.0,0.677,13571.0,0.992,33693.0,32701.0,672.0,192.0,0.0
BA,15,beta_gamma,0.02,0.1,5,23.0,,1.0,0.0,54.0,0.296,2845.0,0.908,14657.0,13749.0,291.0,109.0,0.0
BA,15,beta_gamma,0.05,0.05,5,12.0,21.0,1.0,1.0,436.0,0.922,18939.0,0.995,19070.0,18075.0,917.0,147.0,0.0
BA,15,beta_gamma,0.05,0.1,5,13.0,25.0,1.0,1.0,251.0,0.764,7415.0,0.994,15805.0,14811.0,759.0,110.0,0.0
BA,15,beta_gamma,0.15,0.05,5,5.0,8.0,1.0,1.0,736.0,0.995,20010.0,0.995,7463.0,6468.0,990.0,123.0,0.0
BA,15,beta_gamma,0.15,0.1,5,5.0,8.0,1.0,1.0,575.0,0.978,9457.0,0.995,7029.0,6034.0,973.0,75.0,0.0
BA,15,seed_count,0.15,0.05,1,12.0,15.0,1.0,1.0,747.0,0.992,21169.0,0.999,7497.0,6498.0,991.0,144.0,0.0
BA,15,seed_count,0.15,0.05,5,4.0,7.0,1.0,1.0,763.0,0.989,20494.0,0.995,7483.0,6488.0,984.0,132.0,0.0
BA,15,seed_count,0.15,0.05,10,5.0,8.0,1.0,1.0,722.0,0.995,18421.0,0.99,7645.0,6655.0,985.0,148.0,0.0
BA,16,beta_gamma,0.005,0.05,5,,,0.0,0.0,19.0,0.077,1498.0,0.528,13961.0,13433.0,72.0,184.0,0.0
BA,16,beta_gamma,0.005,0.1,5,,,0.0,0.0,5.0,0.005,50.0,0.016,151.0,135.0,0.0,27.0,0.0
BA,16,beta_gamma,0.01,0.05,5,38.0,,1.0,0.0,80.0,0.374,7735.0,0.93,35816.0,34886.0,369.0,252.0,0.0
BA,16,beta_gamma,0.01,0.1,5,,,0.0,0.0,13.0,0.039,342.0,0.339,3341.0,3002.0,34.0,54.0,0.0
BA,16,beta_gamma,0.02,0.05,5,28.0,56.0,1.0,1.0,246.0,0.681,13191.0,0.994,32717.0,31723.0,676.0,174.0,0.0
BA,16,beta_gamma,0.02,0.1,5,,,0.0,0.0,5.0,0.006,54.0,0.024,182.0,158.0,1.0,35.0,0.0
BA,16,beta_gamma,0.05,0.05,5,10.0,19.0,1.0,1.0,504.0,0.942,19932.0,0.995,19604.0,18609.0,937.0,161.0,0.0
BA,16,beta_gamma,0.05,0.1,5,10.0,21.0,1.0,1.0,278.0,0.767,7650.0,0.993,15159.0,14166.0,762.0,102.0,0.0
BA,16,beta_gamma,0.15,0.05,5,6.0,9.0,1.0,1.0,723.0,0.994,19467.0,0.995,7774.0,6779.0,989.0,141.0,0.0
BA,16,beta_gamma,0.15,0.1,5,5.0,8.0,1.0,1.0,616.0,0.973,9476.0,0.995,7273.0,6278.0,968.0,74.0,0.0
BA,16,seed_count,0.15,0.05,1,6.0,9.0,1.0,1.0,755.0,0.996,20152.0,0.999,7035.0,6036.0,995.0,122.0,0.0
BA,16,seed_count,0.15,0.05,5,5.0,7.0,1.0,1.0,753.0,0.996,20219.0,0.995,7447.0,6452.0,991.0,195.0,0.0
BA,16,seed_count,0.15,0.05,10,4.0,6.0,1.0,1.0,735.0,0.995,20082.0,0.99,7641.0,6651.0,985.0,129.0,0.0
BA,17,beta_gamma,0.005,0.05,5,,,0.0,0.0,15.0,0.051,933.0,0.369,8671.0,8302.0,46.0,150.0,0.0
BA,17,beta_gamma,0.005,0.1,5,,,0.0,0.0,6.0,0.012,95.0,0.187,1221.0,1034.0,7.0,28.0,0.0
BA,17,beta_gamma,0.01,0.05,5,,,0.0,0.0,21.0,0.057,982.0,0.342,6519.0,6177.0,52.0,221.0,0.0
BA,17,beta_gamma,0.01,0.1,5,,,0.0,0.0,10.0,0.04,457.0,0.282,3146.0,2864.0,35.0,118.0,0.0
BA,17,beta_gamma,0.02,0.05,5,22.0,56.0,1.0,1.0,205.0,0.666,13462.0,0.995,33488.0,32493.0,661.0,181.0,0.0
BA,17,beta_gamma,0.02,0.1,5,42.0,,1.0,0.0,68.0,0.37,3822.0,0.942,18162.0,17220.0,365.0,158.0,0.0
BA,17,beta_gamma,0.05,0.05,5,13.0,21.0,1.0,1.0,508.0,0.948,19247.0,0.995,18844.0,17849.0,943.0,187.0,0.0
BA,17,beta_gamma,0.05,0.1,5,11.0,21.0,1.0,1.0,314.0,0.819,8026.0,0.995,16392.0,15397.0,814.0,106.0,0.0
BA,17,beta_gamma,0.15,0.05,5,4.0,7.0,1.0,1.0,727.0,0.996,19687.0,0.995,7625.0,6630.0,991.0,122.0,0.0
BA,17,beta_gamma,0.15,0.1,5,7.0,9.0,1.0,1.0,585.0,0.979,9889.0,0.995,7202.0,6207.0,974.0,83.0,0.0
BA,17,seed_count,0.15,0.05,1,6.0,9.0,1.0,1.0,756.0,0.993,20631.0,0.999,7459.0,6460.0,992.0,128.0,0.0
BA,17,seed_count,0.15,0.05,5,5.0,7.0,1.0,1.0,730.0,0.999,19241.0,0.995,7441.0,6446.0,994.0,151.0,0.0
BA,17,seed_count,0.15,0.05,10,4.0,7.0,1.0,1.0,788.0,0.997,19922.0,0.99,7307.0,6317.0,987.0,138.0,0.0
BA,19,beta_gamma,0.005,0.05,5,,,0.0,0.0,6.0,0.009,137.0,0.032,419.0,387.0,4.0,43.0,0.0
BA,19,beta_gamma,0.005,0.1,5,,,0.0,0.0,5.0,0.005,66.0,0.018,255.0,237.0,0.0,24.0,0.0
BA,19,beta_gamma,0.01,0.05,5,79.0,,1.0,0.0,45.0,0.301,6142.0,0.894,29798.0,28904.0,296.0,299.0,0.0
BA,19,beta_gamma,0.01,0.1,5,,,0.0,0.0,6.0,0.01,86.0,0.053,506.0,453.0,5.0,36.0,0.0
BA,19,beta_gamma,0.02,0.05,5,24.0,60.0,1.0,1.0,202.0,0.684,13262.0,0.994,34875.0,33881.0,679.0,202.0,0.0
BA,19,beta_gamma,0.02,0.1,5,51.0,,1.0,0.0,35.0,0.314,2904.0,0.942,15308.0,14366.0,309.0,172.0,0.0
BA,19,beta_gamma,0.05,0.05,5,6.0,16.0,1.0,1.0,448.0,0.932,18508.0,0.995,19641.0,18646.0,927.0,157.0,0.0
BA,19,beta_gamma,0.05,0.1,5,19.0,30.0,1.0,1.0,270.0,0.756,7669.0,0.994,15391.0,14397.0,751.0,118.0,0.0
BA,19,beta_gamma,0.15,0.05,5,5.0,8.0,1.0,1.0,728.0,0.994,18916.0,0.995,7508.0,6513.0,989.0,152.0,0.0
BA,19,beta_gamma,0.15,0.1,5,4.0,8.0,1.0,1.0,578.0,0.965,9431.0,0.995,7229.0,6234.0,960.0,97.0,0.0
BA,19,seed_count,0.15,0.05,1,7.0,10.0,1.0,1.0,726.0,0.996,19939.0,0.999,7287.0,6288.0,995.0,166.0,0.0
BA,19,seed_count,0.15,0.05,5,4.0,7.0,1.0,1.0,714.0,0.993,19714.0,0.995,7562.0,6567.0,988.0,144.0,0.0
BA,19,seed_count,0.15,0.05,10,3.0,6.0,1.0,1.0,746.0,0.994,19665.0,0.99,7271.0,6281.0,984.0,179.0,0.0
BA,18,beta_gamma,0.005,0.05,5,,,0.0,0.0,7.0,0.013,212.0,0.116,2132.0,2016.0,8.0,78.0,0.0
BA,18,beta_gamma,0.005,0.1,5,,,0.0,0.0,16.0,0.048,626.0,0.407,8520.0,8113.0,43.0,89.0,0.0
BA,18,beta_gamma,0.01,0.05,5,71.0,,1.0,0.0,44.0,0.304,6027.0,0.911,29849.0,28938.0,299.0,261.0,0.0
BA,18,beta_gamma,0.01,0.1,5,50.0,,1.0,0.0,37.0,0.105,1183.0,0.63,9441.0,8811.0,100.0,79.0,0.0
BA,18,beta_gamma,0.02,0.05,5,32.0,72.0,1.0,1.0,188.0,0.629,11974.0,0.99,30988.0,29998.0,624.0,206.0,0.0
BA,18,beta_gamma,0.02,0.1,5,50.0,,1.0,0.0,67.0,0.336,3197.0,0.924,16234.0,15310.0,331.0,161.0,0.0
BA,18,beta_gamma,0.05,0.05,5,6.0,16.0,1.0,1.0,481.0,0.922,18895.0,0.995,20147.0,19152.0,917.0,209.0,0.0
BA,18,beta_gamma,0.05,0.1,5,13.0,27.0,1.0,1.0,261.0,0.791,8429.0,0.994,15722.0,14728.0,786.0,149.0,0.0
BA,18,beta_gamma,0.15,0.05,5,4.0,7.0,1.0,1.0,734.0,0.989,19232.0,0.995,7368.0,6373.0,984.0,125.0,0.0
BA,18,beta_gamma,0.15,0.1,5,6.0,9.0,1.0,1.0,590.0,0.98,9407.0,0.995,7394.0,6399.0,975.0,69.0,0.0
BA,18,seed_count,0.15,0.05,1,9.0,12.0,1.0,1.0,734.0,0.995,19423.0,0.999,7761.0,6762.0,994.0,143.0,0.0
BA,18,seed_count,0.15,0.05,5,4.0,7.0,1.0,1.0,745.0,0.995,18667.0,0.995,7258.0,6263.0,990.0,130.0,0.0
BA,18,seed_count,0.15,0.05,10,5.0,8.0,1.0,1.0,762.0,0.999,20178.0,0.99,7316.0,6326.0,989.0,178.0,0.0
