family,value,topology,trial,beta,gamma,initial_spreaders,t10,t50,reached_10,reached_50,peak_infected,final_size,active_spreader_auc,unique_exposed_fraction,attempted_exposures,repeat_exposures,successful_transmissions,duration,protected_fraction
seed_count,1,ER,0,0.15,0.05,1,12.0,16.0,1.0,1.0,750.0,0.994,19230.0,0.997,7143.0,6146.0,993.0,153.0,0.0
seed_count,1,ER,0,0.02,0.05,1,,,0.0,0.0,2.0,0.002,12.0,0.011,73.0,62.0,1.0,9.0,0.0
seed_count,5,ER,0,0.15,0.05,5,6.0,10.0,1.0,1.0,734.0,0.989,19743.0,0.993,7449.0,6456.0,984.0,225.0,0.0
seed_count,5,ER,0,0.02,0.05,5,62.0,113.0,1.0,1.0,166.0,0.719,14485.0,0.979,36895.0,35916.0,714.0,277.0,0.0
seed_count,10,ER,0,0.15,0.05,10,4.0,8.0,1.0,1.0,741.0,0.986,19316.0,0.988,7274.0,6286.0,976.0,120.0,0.0
seed_count,10,ER,0,0.02,0.05,10,47.0,106.0,1.0,1.0,148.0,0.696,13545.0,0.974,34273.0,33299.0,686.0,269.0,0.0
seed_count,1,ER,1,0.15,0.05,1,9.0,13.0,1.0,1.0,706.0,0.992,19676.0,0.997,7608.0,6611.0,991.0,159.0,0.0
seed_count,1,ER,1,0.02,0.05,1,,,0.0,0.0,2.0,0.002,13.0,0.016,99.0,83.0,1.0,11.0,0.0
seed_count,5,ER,1,0.15,0.05,5,5.0,9.0,1.0,1.0,707.0,0.991,20342.0,0.993,7561.0,6568.0,986.0,209.0,0.0
seed_count,5,ER,1,0.02,0.05,5,43.0,94.0,1.0,1.0,150.0,0.695,13281.0,0.982,33644.0,32662.0,690.0,241.0,0.0
seed_count,10,ER,1,0.15,0.05,10,4.0,8.0,1.0,1.0,766.0,0.993,19618.0,0.988,7456.0,6468.0,983.0,139.0,0.0
seed_count,10,ER,1,0.02,0.05,10,38.0,117.0,1.0,1.0,125.0,0.649,12673.0,0.976,34268.0,33292.0,639.0,285.0,0.0
seed_count,1,ER,2,0.15,0.05,1,10.0,14.0,1.0,1.0,753.0,0.987,19210.0,0.996,7526.0,6530.0,986.0,149.0,0.0
seed_count,1,ER,2,0.02,0.05,1,,,0.0,0.0,1.0,0.001,5.0,0.003,15.0,12.0,0.0,5.0,0.0
seed_count,5,ER,2,0.15,0.05,5,6.0,10.0,1.0,1.0,740.0,0.993,20248.0,0.991,7530.0,6539.0,988.0,150.0,0.0
seed_count,5,ER,2,0.02,0.05,5,87.0,144.0,1.0,1.0,165.0,0.7,13793.0,0.987,33782.0,32795.0,695.0,288.0,0.0
seed_count,10,ER,2,0.15,0.05,10,4.0,8.0,1.0,1.0,741.0,0.987,19950.0,0.986,7606.0,6620.0,977.0,143.0,0.0
seed_count,10,ER,2,0.02,0.05,10,45.0,108.0,1.0,1.0,152.0,0.69,13724.0,0.97,36022.0,35052.0,680.0,238.0,0.0
seed_count,1,ER,3,0.15,0.05,1,9.0,13.0,1.0,1.0,731.0,0.994,18636.0,0.998,7637.0,6639.0,993.0,145.0,0.0
seed_count,1,ER,3,0.02,0.05,1,86.0,131.0,1.0,1.0,208.0,0.746,15584.0,0.99,36861.0,35871.0,745.0,365.0,0.0
seed_count,5,ER,3,0.15,0.05,5,6.0,10.0,1.0,1.0,725.0,0.988,19513.0,0.994,7492.0,6498.0,983.0,218.0,0.0
seed_count,5,ER,3,0.02,0.05,5,64.0,117.0,1.0,1.0,171.0,0.757,16119.0,0.988,38528.0,37540.0,752.0,276.0,0.0
seed_count,10,ER,3,0.15,0.05,10,5.0,9.0,1.0,1.0,742.0,0.991,19821.0,0.989,7538.0,6549.0,981.0,153.0,0.0
seed_count,10,ER,3,0.02,0.05,10,28.0,80.0,1.0,1.0,162.0,0.698,14058.0,0.978,35793.0,34815.0,688.0,244.0,0.0
seed_count,1,ER,4,0.15,0.05,1,12.0,16.0,1.0,1.0,724.0,0.997,19780.0,0.997,7314.0,6317.0,996.0,160.0,0.0
seed_count,1,ER,4,0.02,0.05,1,,,0.0,0.0,2.0,0.002,25.0,0.012,156.0,144.0,1.0,20.0,0.0
seed_count,5,ER,4,0.15,0.05,5,5.0,9.0,1.0,1.0,737.0,0.99,19617.0,0.993,7471.0,6478.0,985.0,134.0,0.0
seed_count,5,ER,4,0.02,0.05,5,34.0,78.0,1.0,1.0,185.0,0.729,14911.0,0.985,34890.0,33905.0,724.0,227.0,0.0
seed_count,10,ER,4,0.15,0.05,10,4.0,8.0,1.0,1.0,748.0,0.996,20084.0,0.988,7476.0,6488.0,986.0,157.0,0.0
seed_count,10,ER,4,0.02,0.05,10,35.0,87.0,1.0,1.0,162.0,0.743,14420.0,0.976,36260.0,35284.0,733.0,214.0,0.0
seed_count,1,ER,6,0.15,0.05,1,13.0,18.0,1.0,1.0,727.0,0.982,19650.0,0.992,7435.0,6443.0,981.0,176.0,0.0
seed_count,1,ER,6,0.02,0.05,1,78.0,137.0,1.0,1.0,153.0,0.717,14377.0,0.977,33648.0,32671.0,716.0,336.0,0.0
seed_count,5,ER,6,0.15,0.05,5,6.0,10.0,1.0,1.0,719.0,0.986,19720.0,0.988,6839.0,5851.0,981.0,144.0,0.0
seed_count,5,ER,6,0.02,0.05,5,53.0,131.0,1.0,1.0,110.0,0.658,12351.0,0.965,33078.0,32113.0,653.0,231.0,0.0
seed_count,10,ER,6,0.15,0.05,10,5.0,10.0,1.0,1.0,734.0,0.989,19701.0,0.985,7430.0,6445.0,979.0,135.0,0.0
seed_count,10,ER,6,0.02,0.05,10,36.0,90.0,1.0,1.0,161.0,0.667,13724.0,0.965,33175.0,32210.0,657.0,221.0,0.0
seed_count,1,ER,5,0.15,0.05,1,7.0,10.0,1.0,1.0,741.0,0.988,19710.0,0.999,7106.0,6107.0,987.0,146.0,0.0
seed_count,1,ER,5,0.02,0.05,1,50.0,115.0,1.0,1.0,140.0,0.699,14367.0,0.99,35348.0,34358.0,698.0,305.0,0.0
seed_count,5,ER,5,0.15,0.05,5,7.0,10.0,1.0,1.0,709.0,0.99,20081.0,0.995,7439.0,6444.0,985.0,191.0,0.0
seed_count,5,ER,5,0.02,0.05,5,51.0,103.0,1.0,1.0,150.0,0.693,13507.0,0.977,34150.0,33173.0,688.0,251.0,0.0
seed_count,10,ER,5,0.15,0.05,10,5.0,9.0,1.0,1.0,733.0,0.994,19884.0,0.99,7500.0,6510.0,984.0,135.0,0.0
seed_count,10,ER,5,0.02,0.05,10,92.0,199.0,1.0,1.0,117.0,0.689,13902.0,0.973,34890.0,33917.0,679.0,389.0,0.0
seed_count,1,ER,7,0.15,0.05,1,8.0,12.0,1.0,1.0,731.0,0.992,20820.0,0.997,7277.0,6280.0,991.0,171.0,0.0
seed_count,1,ER,7,0.02,0.05,1,,,0.0,0.0,3.0,0.006,98.0,0.024,357.0,333.0,5.0,52.0,0.0
seed_count,5,ER,7,0.15,0.05,5,5.0,9.0,1.0,1.0,750.0,0.995,19788.0,0.993,7598.0,6605.0,990.0,131.0,0.0
seed_count,5,ER,7,0.02,0.05,5,64.0,125.0,1.0,1.0,153.0,0.69,14908.0,0.981,38500.0,37519.0,685.0,253.0,0.0
seed_count,10,ER,7,0.15,0.05,10,5.0,9.0,1.0,1.0,736.0,0.993,19446.0,0.988,7228.0,6240.0,983.0,148.0,0.0
seed_count,10,ER,7,0.02,0.05,10,30.0,72.0,1.0,1.0,201.0,0.776,16068.0,0.984,35330.0,34346.0,766.0,290.0,0.0
seed_count,1,ER,9,0.15,0.05,1,14.0,18.0,1.0,1.0,726.0,0.994,20595.0,0.999,7641.0,6642.0,993.0,146.0,0.0
seed_count,1,ER,9,0.02,0.05,1,127.0,177.0,1.0,1.0,169.0,0.718,14036.0,0.991,34811.0,33820.0,717.0,375.0,0.0
seed_count,5,ER,9,0.15,0.05,5,5.0,9.0,1.0,1.0,708.0,0.99,19286.0,0.995,7312.0,6317.0,985.0,136.0,0.0
seed_count,5,ER,9,0.02,0.05,5,72.0,127.0,1.0,1.0,166.0,0.735,14764.0,0.982,37749.0,36767.0,730.0,318.0,0.0
seed_count,10,ER,9,0.15,0.05,10,5.0,9.0,1.0,1.0,746.0,0.994,21595.0,0.99,7450.0,6460.0,984.0,215.0,0.0
seed_count,10,ER,9,0.02,0.05,10,51.0,103.0,1.0,1.0,174.0,0.761,16227.0,0.981,37471.0,36490.0,751.0,256.0,0.0
seed_count,1,ER,8,0.15,0.05,1,12.0,15.0,1.0,1.0,744.0,0.985,20750.0,0.997,7431.0,6434.0,984.0,290.0,0.0
seed_count,1,ER,8,0.02,0.05,1,52.0,99.0,1.0,1.0,202.0,0.778,16374.0,0.996,38408.0,37412.0,777.0,227.0,0.0
seed_count,5,ER,8,0.15,0.05,5,5.0,9.0,1.0,1.0,751.0,0.99,19684.0,0.993,7248.0,6255.0,985.0,130.0,0.0
seed_count,5,ER,8,0.02,0.05,5,26.0,72.0,1.0,1.0,170.0,0.724,14591.0,0.983,33927.0,32944.0,719.0,250.0,0.0
seed_count,10,ER,8,0.15,0.05,10,5.0,8.0,1.0,1.0,745.0,0.993,20120.0,0.988,7274.0,6286.0,983.0,136.0,0.0
seed_count,10,ER,8,0.02,0.05,10,45.0,110.0,1.0,1.0,136.0,0.693,13339.0,0.979,34200.0,33221.0,683.0,249.0,0.0
seed_count,1,ER,10,0.15,0.05,1,21.0,26.0,1.0,1.0,718.0,0.992,19514.0,0.994,7457.0,6463.0,991.0,180.0,0.0
seed_count,1,ER,10,0.02,0.05,1,121.0,198.0,1.0,1.0,126.0,0.64,12294.0,0.975,31885.0,30910.0,639.0,388.0,0.0
seed_count,5,ER,10,0.15,0.05,5,7.0,10.0,1.0,1.0,736.0,0.99,19924.0,0.99,6995.0,6005.0,985.0,142.0,0.0
seed_count,5,ER,10,0.02,0.05,5,50.0,97.0,1.0,1.0,185.0,0.687,13887.0,0.976,32959.0,31983.0,682.0,231.0,0.0
seed_count,10,ER,10,0.15,0.05,10,5.0,9.0,1.0,1.0,737.0,0.987,19148.0,0.985,7368.0,6383.0,977.0,161.0,0.0
seed_count,10,ER,10,0.02,0.05,10,35.0,99.0,1.0,1.0,135.0,0.67,13188.0,0.966,32978.0,32012.0,660.0,353.0,0.0
seed_count,1,ER,11,0.15,0.05,1,8.0,12.0,1.0,1.0,701.0,0.989,20278.0,0.999,7402.0,6403.0,988.0,162.0,0.0
seed_count,1,ER,11,0.02,0.05,1,57.0,120.0,1.0,1.0,127.0,0.69,13468.0,0.982,34231.0,33249.0,689.0,397.0,0.0
seed_count,5,ER,11,0.15,0.05,5,7.0,11.0,1.0,1.0,723.0,0.996,19779.0,0.995,7415.0,6420.0,991.0,133.0,0.0
seed_count,5,ER,11,0.02,0.05,5,,,0.0,0.0,7.0,0.015,160.0,0.082,807.0,725.0,10.0,54.0,0.0
seed_count,10,ER,11,0.15,0.05,10,5.0,9.0,1.0,1.0,719.0,0.994,20454.0,0.99,7203.0,6213.0,984.0,204.0,0.0
seed_count,10,ER,11,0.02,0.05,10,20.0,69.0,1.0,1.0,152.0,0.768,16496.0,0.978,36281.0,35303.0,758.0,241.0,0.0
seed_count,1,ER,12,0.15,0.05,1,9.0,13.0,1.0,1.0,730.0,0.995,20557.0,0.999,7623.0,6624.0,994.0,158.0,0.0
seed_count,1,ER,12,0.02,0.05,1,,,0.0,0.0,3.0,0.007,91.0,0.045,407.0,362.0,6.0,50.0,0.0
seed_count,5,ER,12,0.15,0.05,5,6.0,9.0,1.0,1.0,752.0,0.994,19336.0,0.995,7528.0,6533.0,989.0,125.0,0.0
seed_count,5,ER,12,0.02,0.05,5,38.0,81.0,1.0,1.0,202.0,0.731,14367.0,0.986,34894.0,33908.0,726.0,284.0,0.0
seed_count,10,ER,12,0.15,0.05,10,4.0,8.0,1.0,1.0,735.0,0.989,19427.0,0.99,7595.0,6605.0,979.0,135.0,0.0
seed_count,10,ER,12,0.02,0.05,10,28.0,81.0,1.0,1.0,159.0,0.762,15120.0,0.982,36939.0,35957.0,752.0,265.0,0.0
seed_count,1,ER,14,0.15,0.05,1,9.0,13.0,1.0,1.0,726.0,0.991,20818.0,0.996,7607.0,6611.0,990.0,150.0,0.0
seed_count,1,ER,14,0.02,0.05,1,,,0.0,0.0,3.0,0.005,64.0,0.023,297.0,274.0,4.0,39.0,0.0
seed_count,5,ER,14,0.15,0.05,5,6.0,10.0,1.0,1.0,722.0,0.994,19807.0,0.992,7183.0,6191.0,989.0,159.0,0.0
seed_count,5,ER,14,0.02,0.05,5,33.0,76.0,1.0,1.0,181.0,0.753,15652.0,0.986,36452.0,35466.0,748.0,252.0,0.0
seed_count,10,ER,14,0.15,0.05,10,4.0,7.0,1.0,1.0,749.0,0.988,19416.0,0.987,7217.0,6230.0,978.0,147.0,0.0
seed_count,10,ER,14,0.02,0.05,10,30.0,76.0,1.0,1.0,179.0,0.705,13900.0,0.974,33600.0,32626.0,695.0,328.0,0.0
seed_count,1,ER,13,0.15,0.05,1,9.0,13.0,1.0,1.0,722.0,0.982,19023.0,0.995,7529.0,6534.0,981.0,205.0,0.0
seed_count,1,ER,13,0.02,0.05,1,57.0,130.0,1.0,1.0,116.0,0.659,12910.0,0.979,33487.0,32508.0,658.0,320.0,0.0
seed_count,5,ER,13,0.15,0.05,5,6.0,10.0,1.0,1.0,745.0,0.989,19537.0,0.991,7315.0,6324.0,984.0,167.0,0.0
seed_count,5,ER,13,0.02,0.05,5,57.0,109.0,1.0,1.0,170.0,0.755,15505.0,0.987,35380.0,34393.0,750.0,369.0,0.0
seed_count,10,ER,13,0.15,0.05,10,5.0,8.0,1.0,1.0,750.0,0.987,20204.0,0.985,7108.0,6123.0,977.0,175.0,0.0
seed_count,10,ER,13,0.02,0.05,10,26.0,69.0,1.0,1.0,189.0,0.748,14532.0,0.982,35981.0,34999.0,738.0,200.0,0.0
seed_count,1,ER,15,0.15,0.05,1,9.0,13.0,1.0,1.0,697.0,0.989,18757.0,0.995,7283.0,6288.0,988.0,156.0,0.0
seed_count,1,ER,15,0.02,0.05,1,,,0.0,0.0,1.0,0.001,11.0,0.006,66.0,60.0,0.0,11.0,0.0
seed_count,5,ER,15,0.15,0.05,5,5.0,10.0,1.0,1.0,696.0,0.988,19035.0,0.992,7589.0,6597.0,983.0,124.0,0.0
seed_count,5,ER,15,0.02,0.05,5,59.0,110.0,1.0,1.0,168.0,0.712,14404.0,0.983,35884.0,34901.0,707.0,314.0,0.0
seed_count,10,ER,15,0.15,0.05,10,4.0,8.0,1.0,1.0,740.0,0.988,20317.0,0.986,7750.0,6764.0,978.0,131.0,0.0
seed_count,10,ER,15,0.02,0.05,10,58.0,115.0,1.0,1.0,163.0,0.681,12867.0,0.98,34043.0,33063.0,671.0,242.0,0.0
seed_count,1,ER,16,0.15,0.05,1,9.0,14.0,1.0,1.0,713.0,0.987,19287.0,0.993,7738.0,6745.0,986.0,157.0,0.0
seed_count,1,ER,16,0.02,0.05,1,,,0.0,0.0,1.0,0.001,12.0,0.003,36.0,33.0,0.0,12.0,0.0
seed_count,5,ER,16,0.15,0.05,5,5.0,9.0,1.0,1.0,709.0,0.986,19102.0,0.99,7331.0,6341.0,981.0,143.0,0.0
seed_count,5,ER,16,0.02,0.05,5,70.0,118.0,1.0,1.0,177.0,0.756,15877.0,0.981,37783.0,36802.0,751.0,293.0,0.0
seed_count,10,ER,16,0.15,0.05,10,5.0,9.0,1.0,1.0,728.0,0.987,20114.0,0.984,7394.0,6410.0,977.0,147.0,0.0
seed_count,10,ER,16,0.02,0.05,10,42.0,111.0,1.0,1.0,136.0,0.683,13250.0,0.975,34518.0,33543.0,673.0,261.0,0.0
seed_count,1,ER,17,0.15,0.05,1,10.0,14.0,1.0,1.0,745.0,0.991,20013.0,0.996,7591.0,6595.0,990.0,146.0,0.0
seed_count,1,ER,17,0.02,0.05,1,,,0.0,0.0,1.0,0.001,5.0,0.005,25.0,20.0,0.0,5.0,0.0
seed_count,5,ER,17,0.15,0.05,5,8.0,11.0,1.0,1.0,746.0,0.99,19623.0,0.992,7262.0,6270.0,985.0,182.0,0.0
seed_count,5,ER,17,0.02,0.05,5,48.0,86.0,1.0,1.0,197.0,0.741,14757.0,0.983,35052.0,34069.0,736.0,226.0,0.0
seed_count,10,ER,17,0.15,0.05,10,5.0,9.0,1.0,1.0,732.0,0.99,19275.0,0.987,7485.0,6498.0,980.0,129.0,0.0
seed_count,10,ER,17,0.02,0.05,10,29.0,81.0,1.0,1.0,158.0,0.732,14428.0,0.983,36536.0,35553.0,722.0,315.0,0.0
seed_count,1,WS,0,0.15,0.05,1,13.0,19.0,1.0,1.0,661.0,1.0,20468.0,0.999,7246.0,6247.0,999.0,190.0,0.0
seed_count,1,WS,0,0.02,0.05,1,,,0.0,0.0,8.0,0.018,399.0,0.028,997.0,969.0,17.0,137.0,0.0
seed_count,5,WS,0,0.15,0.05,5,9.0,16.0,1.0,1.0,588.0,1.0,19281.0,0.995,7524.0,6529.0,995.0,163.0,0.0
seed_count,5,WS,0,0.02,0.05,5,148.0,,1.0,0.0,25.0,0.141,2788.0,0.303,7503.0,7200.0,136.0,273.0,0.0
seed_count,10,WS,0,0.15,0.05,10,5.0,13.0,1.0,1.0,636.0,1.0,20021.0,0.99,7427.0,6437.0,990.0,147.0,0.0
seed_count,10,WS,0,0.02,0.05,10,,,0.0,0.0,17.0,0.044,764.0,0.114,2457.0,2343.0,34.0,172.0,0.0
seed_count,1,ER,18,0.15,0.05,1,8.0,13.0,1.0,1.0,742.0,0.986,19735.0,0.996,7735.0,6739.0,985.0,119.0,0.0
seed_count,1,ER,18,0.02,0.05,1,93.0,168.0,1.0,1.0,123.0,0.705,13926.0,0.986,35578.0,34592.0,704.0,320.0,0.0
seed_count,5,ER,18,0.15,0.05,5,5.0,9.0,1.0,1.0,737.0,0.992,19950.0,0.992,7393.0,6401.0,987.0,137.0,0.0
seed_count,5,ER,18,0.02,0.05,5,44.0,99.0,1.0,1.0,153.0,0.717,14549.0,0.98,35525.0,34545.0,712.0,330.0,0.0
seed_count,10,ER,18,0.15,0.05,10,5.0,8.0,1.0,1.0,720.0,0.988,19582.0,0.987,7464.0,6477.0,978.0,130.0,0.0
seed_count,10,ER,18,0.02,0.05,10,50.0,118.0,1.0,1.0,136.0,0.671,13741.0,0.971,34679.0,33708.0,661.0,313.0,0.0
seed_count,1,WS,2,0.15,0.05,1,,,0.0,0.0,1.0,0.001,1.0,0.006,6.0,0.0,0.0,1.0,0.0
seed_count,1,WS,2,0.02,0.05,1,,,0.0,0.0,8.0,0.032,647.0,0.071,1575.0,1504.0,31.0,151.0,0.0
seed_count,5,WS,2,0.15,0.05,5,8.0,16.0,1.0,1.0,608.0,1.0,20259.0,0.995,7305.0,6310.0,995.0,181.0,0.0
seed_count,5,WS,2,0.02,0.05,5,233.0,,1.0,0.0,20.0,0.181,3630.0,0.353,8934.0,8581.0,176.0,421.0,0.0
seed_count,10,WS,2,0.15,0.05,10,6.0,12.0,1.0,1.0,622.0,0.999,19197.0,0.99,7417.0,6427.0,989.0,160.0,0.0
seed_count,10,WS,2,0.02,0.05,10,73.0,,1.0,0.0,32.0,0.184,3635.0,0.368,8788.0,8420.0,174.0,250.0,0.0
seed_count,1,WS,1,0.15,0.05,1,25.0,33.0,1.0,1.0,629.0,1.0,20238.0,0.999,7826.0,6827.0,999.0,166.0,0.0
seed_count,1,WS,1,0.02,0.05,1,,,0.0,0.0,3.0,0.004,49.0,0.016,183.0,167.0,3.0,28.0,0.0
seed_count,5,WS,1,0.15,0.05,5,8.0,15.0,1.0,1.0,642.0,0.999,19401.0,0.995,7476.0,6481.0,994.0,231.0,0.0
seed_count,5,WS,1,0.02,0.05,5,142.0,,1.0,0.0,25.0,0.217,3979.0,0.462,10598.0,10136.0,212.0,326.0,0.0
seed_count,10,WS,1,0.15,0.05,10,5.0,13.0,1.0,1.0,630.0,1.0,20348.0,0.99,7475.0,6485.0,990.0,138.0,0.0
seed_count,10,WS,1,0.02,0.05,10,69.0,,1.0,0.0,31.0,0.162,2999.0,0.335,7025.0,6690.0,152.0,255.0,0.0
seed_count,1,ER,19,0.15,0.05,1,7.0,12.0,1.0,1.0,716.0,0.995,20587.0,0.998,7373.0,6375.0,994.0,187.0,0.0
seed_count,1,ER,19,0.02,0.05,1,82.0,129.0,1.0,1.0,176.0,0.679,13155.0,0.987,34978.0,33991.0,678.0,324.0,0.0
seed_count,5,ER,19,0.15,0.05,5,5.0,9.0,1.0,1.0,732.0,0.991,21594.0,0.994,7314.0,6320.0,986.0,147.0,0.0
seed_count,5,ER,19,0.02,0.05,5,81.0,143.0,1.0,1.0,141.0,0.736,14693.0,0.985,36548.0,35563.0,731.0,288.0,0.0
seed_count,10,ER,19,0.15,0.05,10,5.0,9.0,1.0,1.0,727.0,0.992,19955.0,0.989,7339.0,6350.0,982.0,146.0,0.0
seed_count,10,ER,19,0.02,0.05,10,25.0,75.0,1.0,1.0,176.0,0.724,14411.0,0.983,35158.0,34175.0,714.0,268.0,0.0
seed_count,1,WS,3,0.15,0.05,1,14.0,22.0,1.0,1.0,603.0,1.0,18578.0,0.999,7489.0,6490.0,999.0,125.0,0.0
seed_count,1,WS,3,0.02,0.05,1,,,0.0,0.0,3.0,0.004,78.0,0.014,283.0,269.0,3.0,59.0,0.0
seed_count,5,WS,3,0.15,0.05,5,10.0,18.0,1.0,1.0,614.0,0.999,19344.0,0.995,7605.0,6610.0,994.0,160.0,0.0
seed_count,5,WS,3,0.02,0.05,5,123.0,,1.0,0.0,36.0,0.159,3172.0,0.353,8172.0,7819.0,154.0,230.0,0.0
seed_count,10,WS,3,0.15,0.05,10,6.0,14.0,1.0,1.0,651.0,1.0,19738.0,0.99,7334.0,6344.0,990.0,160.0,0.0
seed_count,10,WS,3,0.02,0.05,10,,,0.0,0.0,22.0,0.091,1724.0,0.207,4125.0,3918.0,81.0,207.0,0.0
seed_count,1,WS,4,0.15,0.05,1,13.0,21.0,1.0,1.0,635.0,0.998,19552.0,0.999,7521.0,6522.0,997.0,167.0,0.0
seed_count,1,WS,4,0.02,0.05,1,,,0.0,0.0,20.0,0.084,1791.0,0.181,4105.0,3924.0,83.0,192.0,0.0
seed_count,5,WS,4,0.15,0.05,5,9.0,17.0,1.0,1.0,643.0,0.998,19180.0,0.995,7426.0,6431.0,993.0,154.0,0.0
seed_count,5,WS,4,0.02,0.05,5,191.0,,1.0,0.0,54.0,0.447,9093.0,0.773,21823.0,21050.0,442.0,500.0,0.0
seed_count,10,WS,4,0.15,0.05,10,5.0,13.0,1.0,1.0,636.0,1.0,21002.0,0.99,7358.0,6368.0,990.0,237.0,0.0
seed_count,10,WS,4,0.02,0.05,10,53.0,,1.0,0.0,39.0,0.369,7207.0,0.666,17646.0,16980.0,359.0,419.0,0.0
seed_count,1,WS,5,0.15,0.05,1,19.0,27.0,1.0,1.0,668.0,1.0,21055.0,0.999,7236.0,6237.0,999.0,161.0,0.0
seed_count,1,WS,5,0.02,0.05,1,119.0,,1.0,0.0,47.0,0.338,6429.0,0.615,16236.0,15621.0,337.0,309.0,0.0
seed_count,5,WS,5,0.15,0.05,5,8.0,15.0,1.0,1.0,629.0,1.0,19970.0,0.995,7182.0,6187.0,995.0,134.0,0.0
seed_count,5,WS,5,0.02,0.05,5,83.0,,1.0,0.0,54.0,0.49,9637.0,0.809,21377.0,20568.0,485.0,500.0,0.0
seed_count,10,WS,5,0.15,0.05,10,7.0,14.0,1.0,1.0,648.0,1.0,19131.0,0.99,7635.0,6645.0,990.0,170.0,0.0
seed_count,10,WS,5,0.02,0.05,10,58.0,,1.0,0.0,63.0,0.384,7739.0,0.713,19244.0,18531.0,374.0,300.0,0.0
seed_count,1,WS,6,0.15,0.05,1,17.0,25.0,1.0,1.0,669.0,1.0,20516.0,0.999,7348.0,6349.0,999.0,152.0,0.0
seed_count,1,WS,6,0.02,0.05,1,,,0.0,0.0,12.0,0.023,500.0,0.048,1106.0,1058.0,22.0,105.0,0.0
seed_count,5,WS,6,0.15,0.05,5,9.0,16.0,1.0,1.0,639.0,0.999,20039.0,0.995,7496.0,6501.0,994.0,171.0,0.0
seed_count,5,WS,6,0.02,0.05,5,166.0,,1.0,0.0,18.0,0.159,3182.0,0.335,7798.0,7463.0,154.0,300.0,0.0
seed_count,10,WS,6,0.15,0.05,10,7.0,14.0,1.0,1.0,655.0,1.0,20061.0,0.99,7328.0,6338.0,990.0,133.0,0.0
seed_count,10,WS,6,0.02,0.05,10,140.0,,1.0,0.0,31.0,0.287,5710.0,0.578,15215.0,14637.0,277.0,419.0,0.0
seed_count,1,WS,7,0.15,0.05,1,,,0.0,0.0,1.0,0.001,1.0,0.006,6.0,0.0,0.0,1.0,0.0
seed_count,1,WS,7,0.02,0.05,1,,,0.0,0.0,8.0,0.03,626.0,0.066,1356.0,1290.0,29.0,213.0,0.0
seed_count,5,WS,7,0.15,0.05,5,9.0,16.0,1.0,1.0,591.0,1.0,19780.0,0.995,7719.0,6724.0,995.0,144.0,0.0
seed_count,5,WS,7,0.02,0.05,5,71.0,,1.0,0.0,70.0,0.417,8201.0,0.729,18571.0,17842.0,412.0,297.0,0.0
seed_count,10,WS,7,0.15,0.05,10,5.0,12.0,1.0,1.0,637.0,1.0,19495.0,0.99,7522.0,6532.0,990.0,120.0,0.0
seed_count,10,WS,7,0.02,0.05,10,76.0,,1.0,0.0,27.0,0.199,3469.0,0.459,9889.0,9430.0,189.0,231.0,0.0
seed_count,1,WS,9,0.15,0.05,1,15.0,23.0,1.0,1.0,648.0,1.0,20118.0,0.999,7445.0,6446.0,999.0,188.0,0.0
seed_count,1,WS,9,0.02,0.05,1,,,0.0,0.0,17.0,0.064,1291.0,0.153,2999.0,2846.0,63.0,210.0,0.0
seed_count,5,WS,9,0.15,0.05,5,7.0,15.0,1.0,1.0,618.0,1.0,18800.0,0.995,7491.0,6496.0,995.0,153.0,0.0
seed_count,5,WS,9,0.02,0.05,5,,,0.0,0.0,13.0,0.029,419.0,0.073,1214.0,1141.0,24.0,61.0,0.0
seed_count,10,WS,9,0.15,0.05,10,5.0,12.0,1.0,1.0,631.0,1.0,19429.0,0.99,7684.0,6694.0,990.0,200.0,0.0
seed_count,10,WS,9,0.02,0.05,10,36.0,,1.0,0.0,50.0,0.31,6256.0,0.581,14614.0,14033.0,300.0,258.0,0.0
seed_count,1,WS,10,0.15,0.05,1,12.0,21.0,1.0,1.0,612.0,1.0,19433.0,0.999,7891.0,6892.0,999.0,162.0,0.0
seed_count,1,WS,10,0.02,0.05,1,,,0.0,0.0,12.0,0.022,353.0,0.063,879.0,816.0,21.0,68.0,0.0
seed_count,5,WS,10,0.15,0.05,5,9.0,18.0,1.0,1.0,637.0,1.0,20076.0,0.995,7447.0,6452.0,995.0,153.0,0.0
seed_count,5,WS,10,0.02,0.05,5,,,0.0,0.0,11.0,0.023,393.0,0.058,1322.0,1264.0,18.0,76.0,0.0
seed_count,10,WS,10,0.15,0.05,10,6.0,14.0,1.0,1.0,630.0,1.0,19913.0,0.99,7371.0,6381.0,990.0,151.0,0.0
seed_count,10,WS,10,0.02,0.05,10,111.0,,1.0,0.0,21.0,0.132,2530.0,0.301,6376.0,6075.0,122.0,323.0,0.0
seed_count,1,WS,8,0.15,0.05,1,13.0,20.0,1.0,1.0,691.0,1.0,21481.0,0.999,7524.0,6525.0,999.0,216.0,0.0
seed_count,1,WS,8,0.02,0.05,1,,,0.0,0.0,10.0,0.067,1182.0,0.145,3539.0,3394.0,66.0,316.0,0.0
seed_count,5,WS,8,0.15,0.05,5,8.0,16.0,1.0,1.0,652.0,1.0,20665.0,0.995,7220.0,6225.0,995.0,132.0,0.0
seed_count,5,WS,8,0.02,0.05,5,,,0.0,0.0,10.0,0.026,525.0,0.065,1498.0,1433.0,21.0,157.0,0.0
seed_count,10,WS,8,0.15,0.05,10,7.0,16.0,1.0,1.0,615.0,0.998,20315.0,0.99,7615.0,6625.0,988.0,161.0,0.0
seed_count,10,WS,8,0.02,0.05,10,55.0,,1.0,0.0,46.0,0.396,7791.0,0.707,19319.0,18612.0,386.0,338.0,0.0
seed_count,1,WS,11,0.15,0.05,1,14.0,22.0,1.0,1.0,627.0,0.998,19830.0,0.999,7447.0,6448.0,997.0,155.0,0.0
seed_count,1,WS,11,0.02,0.05,1,,,0.0,0.0,6.0,0.015,312.0,0.031,749.0,718.0,14.0,117.0,0.0
seed_count,5,WS,11,0.15,0.05,5,9.0,18.0,1.0,1.0,627.0,1.0,20245.0,0.995,7409.0,6414.0,995.0,158.0,0.0
seed_count,5,WS,11,0.02,0.05,5,,,0.0,0.0,8.0,0.033,525.0,0.084,1512.0,1428.0,28.0,156.0,0.0
seed_count,10,WS,11,0.15,0.05,10,6.0,14.0,1.0,1.0,644.0,1.0,19914.0,0.99,7483.0,6493.0,990.0,171.0,0.0
seed_count,10,WS,11,0.02,0.05,10,51.0,,1.0,0.0,39.0,0.365,7370.0,0.644,17499.0,16855.0,355.0,340.0,0.0
seed_count,1,WS,12,0.15,0.05,1,18.0,26.0,1.0,1.0,634.0,1.0,20243.0,0.999,7208.0,6209.0,999.0,220.0,0.0
seed_count,1,WS,12,0.02,0.05,1,,,0.0,0.0,1.0,0.001,1.0,0.006,6.0,0.0,0.0,1.0,0.0
seed_count,5,WS,12,0.15,0.05,5,8.0,16.0,1.0,1.0,633.0,1.0,19863.0,0.995,7263.0,6268.0,995.0,164.0,0.0
seed_count,5,WS,12,0.02,0.05,5,,,0.0,0.0,9.0,0.015,256.0,0.051,906.0,855.0,10.0,55.0,0.0
seed_count,10,WS,12,0.15,0.05,10,6.0,14.0,1.0,1.0,613.0,0.999,19602.0,0.99,7864.0,6874.0,989.0,145.0,0.0
seed_count,10,WS,12,0.02,0.05,10,45.0,,1.0,0.0,46.0,0.334,6790.0,0.622,16501.0,15879.0,324.0,265.0,0.0
seed_count,1,WS,13,0.15,0.05,1,14.0,22.0,1.0,1.0,624.0,1.0,20657.0,0.999,7397.0,6398.0,999.0,142.0,0.0
seed_count,1,WS,13,0.02,0.05,1,,,0.0,0.0,2.0,0.003,27.0,0.012,159.0,147.0,2.0,24.0,0.0
seed_count,5,WS,13,0.15,0.05,5,9.0,17.0,1.0,1.0,660.0,0.999,20386.0,0.995,7557.0,6562.0,994.0,146.0,0.0
seed_count,5,WS,13,0.02,0.05,5,87.0,,1.0,0.0,32.0,0.26,4954.0,0.53,12642.0,12112.0,255.0,396.0,0.0
seed_count,10,WS,13,0.15,0.05,10,5.0,12.0,1.0,1.0,631.0,1.0,19356.0,0.99,7451.0,6461.0,990.0,137.0,0.0
seed_count,10,WS,13,0.02,0.05,10,73.0,,1.0,0.0,57.0,0.417,8141.0,0.741,19925.0,19184.0,407.0,413.0,0.0
seed_count,1,WS,14,0.15,0.05,1,17.0,25.0,1.0,1.0,638.0,0.999,19999.0,0.999,7173.0,6174.0,998.0,157.0,0.0
seed_count,1,WS,14,0.02,0.05,1,226.0,,1.0,0.0,18.0,0.11,2199.0,0.262,6218.0,5956.0,109.0,270.0,0.0
seed_count,5,WS,14,0.15,0.05,5,8.0,16.0,1.0,1.0,608.0,1.0,19611.0,0.995,7330.0,6335.0,995.0,147.0,0.0
seed_count,5,WS,14,0.02,0.05,5,175.0,,1.0,0.0,47.0,0.199,3756.0,0.414,9460.0,9046.0,194.0,297.0,0.0
seed_count,10,WS,14,0.15,0.05,10,6.0,14.0,1.0,1.0,651.0,1.0,21070.0,0.99,7715.0,6725.0,990.0,135.0,0.0
seed_count,10,WS,14,0.02,0.05,10,57.0,,1.0,0.0,37.0,0.15,2725.0,0.35,8060.0,7710.0,140.0,223.0,0.0
seed_count,1,WS,15,0.15,0.05,1,14.0,21.0,1.0,1.0,596.0,1.0,19583.0,0.999,7340.0,6341.0,999.0,140.0,0.0
seed_count,1,WS,15,0.02,0.05,1,,,0.0,0.0,1.0,0.001,5.0,0.005,25.0,20.0,0.0,5.0,0.0
seed_count,5,WS,15,0.15,0.05,5,7.0,15.0,1.0,1.0,587.0,1.0,19888.0,0.995,7923.0,6928.0,995.0,182.0,0.0
seed_count,5,WS,15,0.02,0.05,5,,,0.0,0.0,14.0,0.081,1582.0,0.195,4135.0,3940.0,76.0,283.0,0.0
seed_count,10,WS,15,0.15,0.05,10,5.0,12.0,1.0,1.0,653.0,1.0,19969.0,0.99,7550.0,6560.0,990.0,119.0,0.0
seed_count,10,WS,15,0.02,0.05,10,91.0,,1.0,0.0,26.0,0.162,3037.0,0.361,8543.0,8182.0,152.0,317.0,0.0
seed_count,1,WS,17,0.15,0.05,1,15.0,22.0,1.0,1.0,654.0,0.999,19672.0,0.999,7238.0,6239.0,998.0,159.0,0.0
seed_count,1,WS,17,0.02,0.05,1,,,0.0,0.0,1.0,0.001,8.0,0.006,48.0,42.0,0.0,8.0,0.0
seed_count,5,WS,17,0.15,0.05,5,7.0,15.0,1.0,1.0,651.0,1.0,18804.0,0.995,7279.0,6284.0,995.0,165.0,0.0
seed_count,5,WS,17,0.02,0.05,5,,,0.0,0.0,15.0,0.038,702.0,0.084,2014.0,1930.0,33.0,92.0,0.0
seed_count,10,WS,17,0.15,0.05,10,5.0,12.0,1.0,1.0,651.0,1.0,19622.0,0.99,7323.0,6333.0,990.0,158.0,0.0
seed_count,10,WS,17,0.02,0.05,10,57.0,,1.0,0.0,31.0,0.192,3698.0,0.436,9683.0,9247.0,182.0,262.0,0.0
seed_count,1,WS,16,0.15,0.05,1,16.0,23.0,1.0,1.0,641.0,0.999,19490.0,0.999,7232.0,6233.0,998.0,138.0,0.0
seed_count,1,WS,16,0.02,0.05,1,,,0.0,0.0,1.0,0.001,2.0,0.006,12.0,6.0,0.0,2.0,0.0
seed_count,5,WS,16,0.15,0.05,5,9.0,16.0,1.0,1.0,659.0,1.0,20717.0,0.995,7259.0,6264.0,995.0,167.0,0.0
seed_count,5,WS,16,0.02,0.05,5,66.0,,1.0,0.0,75.0,0.371,7399.0,0.679,15881.0,15202.0,366.0,241.0,0.0
seed_count,10,WS,16,0.15,0.05,10,6.0,14.0,1.0,1.0,635.0,0.999,21042.0,0.99,7656.0,6666.0,989.0,160.0,0.0
seed_count,10,WS,16,0.02,0.05,10,102.0,,1.0,0.0,25.0,0.132,2444.0,0.272,6071.0,5799.0,122.0,252.0,0.0
seed_count,1,WS,18,0.15,0.05,1,15.0,24.0,1.0,1.0,612.0,0.999,19723.0,0.999,7345.0,6346.0,998.0,206.0,0.0
seed_count,1,WS,18,0.02,0.05,1,,,0.0,0.0,9.0,0.014,223.0,0.027,498.0,471.0,13.0,66.0,0.0
seed_count,5,WS,18,0.15,0.05,5,10.0,17.0,1.0,1.0,632.0,1.0,20554.0,0.995,7602.0,6607.0,995.0,140.0,0.0
seed_count,5,WS,18,0.02,0.05,5,,,0.0,0.0,16.0,0.074,1411.0,0.181,3567.0,3386.0,69.0,188.0,0.0
seed_count,10,WS,18,0.15,0.05,10,5.0,12.0,1.0,1.0,679.0,1.0,20007.0,0.99,7441.0,6451.0,990.0,172.0,0.0
seed_count,10,WS,18,0.02,0.05,10,,,0.0,0.0,22.0,0.089,1720.0,0.199,4429.0,4230.0,79.0,233.0,0.0
seed_count,1,WS,19,0.15,0.05,1,11.0,18.0,1.0,1.0,664.0,1.0,21090.0,0.999,7314.0,6315.0,999.0,232.0,0.0
seed_count,1,WS,19,0.02,0.05,1,141.0,,1.0,0.0,43.0,0.196,4256.0,0.396,10181.0,9785.0,195.0,302.0,0.0
seed_count,5,WS,19,0.15,0.05,5,7.0,15.0,1.0,1.0,674.0,1.0,19799.0,0.995,7474.0,6479.0,995.0,155.0,0.0
seed_count,5,WS,19,0.02,0.05,5,81.0,,1.0,0.0,38.0,0.39,8418.0,0.695,19416.0,18721.0,385.0,500.0,0.0
seed_count,10,WS,19,0.15,0.05,10,5.0,14.0,1.0,1.0,633.0,1.0,19654.0,0.99,7554.0,6564.0,990.0,169.0,0.0
seed_count,10,WS,19,0.02,0.05,10,75.0,,1.0,0.0,59.0,0.479,9743.0,0.769,22557.0,21788.0,469.0,304.0,0.0
seed_count,1,BA,1,0.15,0.05,1,6.0,9.0,1.0,1.0,717.0,0.993,19095.0,0.999,7582.0,6583.0,992.0,121.0,0.0
seed_count,1,BA,1,0.02,0.05,1,,,0.0,0.0,1.0,0.001,1.0,0.005,5.0,0.0,0.0,1.0,0.0
seed_count,5,BA,1,0.15,0.05,5,4.0,7.0,1.0,1.0,773.0,0.998,20101.0,0.995,7236.0,6241.0,993.0,161.0,0.0
seed_count,5,BA,1,0.02,0.05,5,16.0,41.0,1.0,1.0,265.0,0.694,14132.0,0.995,32903.0,31908.0,689.0,224.0,0.0
seed_count,10,BA,1,0.15,0.05,10,4.0,7.0,1.0,1.0,751.0,0.989,19414.0,0.99,7691.0,6701.0,979.0,159.0,0.0
seed_count,10,BA,1,0.02,0.05,10,21.0,46.0,1.0,1.0,240.0,0.695,13692.0,0.99,33268.0,32278.0,685.0,225.0,0.0
seed_count,1,BA,0,0.15,0.05,1,10.0,13.0,1.0,1.0,741.0,0.991,19784.0,0.999,7391.0,6392.0,990.0,138.0,0.0
seed_count,1,BA,0,0.02,0.05,1,54.0,88.0,1.0,1.0,207.0,0.688,13919.0,0.994,35459.0,34465.0,687.0,247.0,0.0
seed_count,5,BA,0,0.15,0.05,5,5.0,8.0,1.0,1.0,730.0,0.998,19577.0,0.995,7686.0,6691.0,993.0,121.0,0.0
seed_count,5,BA,0,0.02,0.05,5,33.0,72.0,1.0,1.0,202.0,0.635,12217.0,0.991,31691.0,30700.0,630.0,207.0,0.0
seed_count,10,BA,0,0.15,0.05,10,3.0,5.0,1.0,1.0,735.0,0.995,18718.0,0.99,6769.0,5779.0,985.0,127.0,0.0
seed_count,10,BA,0,0.02,0.05,10,22.0,51.0,1.0,1.0,225.0,0.689,14171.0,0.987,35564.0,34577.0,679.0,199.0,0.0
seed_count,1,BA,2,0.15,0.05,1,8.0,12.0,1.0,1.0,728.0,0.996,20090.0,0.999,7659.0,6660.0,995.0,171.0,0.0
seed_count,1,BA,2,0.02,0.05,1,55.0,99.0,1.0,1.0,176.0,0.63,12475.0,0.989,30713.0,29724.0,629.0,271.0,0.0
seed_count,5,BA,2,0.15,0.05,5,4.0,7.0,1.0,1.0,735.0,0.993,20721.0,0.995,7575.0,6580.0,988.0,159.0,0.0
seed_count,5,BA,2,0.02,0.05,5,33.0,84.0,1.0,1.0,173.0,0.607,12187.0,0.994,31039.0,30045.0,602.0,267.0,0.0
seed_count,10,BA,2,0.15,0.05,10,4.0,7.0,1.0,1.0,742.0,0.998,20693.0,0.99,7514.0,6524.0,988.0,137.0,0.0
seed_count,10,BA,2,0.02,0.05,10,19.0,50.0,1.0,1.0,211.0,0.683,13573.0,0.986,34239.0,33253.0,673.0,203.0,0.0
seed_count,1,BA,3,0.15,0.05,1,12.0,15.0,1.0,1.0,747.0,0.998,19318.0,0.999,7377.0,6378.0,997.0,184.0,0.0
seed_count,1,BA,3,0.02,0.05,1,,,0.0,0.0,2.0,0.003,28.0,0.019,105.0,86.0,2.0,19.0,0.0
seed_count,5,BA,3,0.15,0.05,5,5.0,8.0,1.0,1.0,743.0,0.996,19098.0,0.995,7615.0,6620.0,991.0,148.0,0.0
seed_count,5,BA,3,0.02,0.05,5,21.0,55.0,1.0,1.0,227.0,0.676,14176.0,0.992,34003.0,33011.0,671.0,247.0,0.0
seed_count,10,BA,3,0.15,0.05,10,4.0,7.0,1.0,1.0,749.0,0.996,20542.0,0.99,7519.0,6529.0,986.0,128.0,0.0
seed_count,10,BA,3,0.02,0.05,10,21.0,48.0,1.0,1.0,251.0,0.719,14904.0,0.987,33577.0,32590.0,709.0,185.0,0.0
seed_count,1,BA,4,0.15,0.05,1,8.0,11.0,1.0,1.0,712.0,0.997,19727.0,0.999,7289.0,6290.0,996.0,187.0,0.0
seed_count,1,BA,4,0.02,0.05,1,,,0.0,0.0,1.0,0.001,1.0,0.003,3.0,0.0,0.0,1.0,0.0
seed_count,5,BA,4,0.15,0.05,5,4.0,8.0,1.0,1.0,758.0,0.995,20809.0,0.995,7190.0,6195.0,990.0,137.0,0.0
seed_count,5,BA,4,0.02,0.05,5,34.0,62.0,1.0,1.0,222.0,0.75,15134.0,0.993,35158.0,34165.0,745.0,220.0,0.0
seed_count,10,BA,4,0.15,0.05,10,4.0,7.0,1.0,1.0,747.0,0.992,19108.0,0.99,7207.0,6217.0,982.0,142.0,0.0
seed_count,10,BA,4,0.02,0.05,10,22.0,59.0,1.0,1.0,194.0,0.612,11410.0,0.985,29735.0,28750.0,602.0,157.0,0.0
seed_count,1,BA,5,0.15,0.05,1,4.0,7.0,1.0,1.0,753.0,0.999,20864.0,0.999,7503.0,6504.0,998.0,199.0,0.0
seed_count,1,BA,5,0.02,0.05,1,56.0,84.0,1.0,1.0,240.0,0.738,15036.0,0.997,33871.0,32874.0,737.0,262.0,0.0
seed_count,5,BA,5,0.15,0.05,5,4.0,7.0,1.0,1.0,750.0,0.997,19712.0,0.995,7133.0,6138.0,992.0,159.0,0.0
seed_count,5,BA,5,0.02,0.05,5,19.0,56.0,1.0,1.0,201.0,0.712,15215.0,0.994,34178.0,33184.0,707.0,211.0,0.0
seed_count,10,BA,5,0.15,0.05,10,3.0,6.0,1.0,1.0,719.0,0.99,19437.0,0.99,7516.0,6526.0,980.0,136.0,0.0
seed_count,10,BA,5,0.02,0.05,10,30.0,69.0,1.0,1.0,199.0,0.698,14705.0,0.989,34789.0,33800.0,688.0,234.0,0.0
seed_count,1,BA,6,0.15,0.05,1,7.0,10.0,1.0,1.0,696.0,0.993,19760.0,0.999,7409.0,6410.0,992.0,159.0,0.0
seed_count,1,BA,6,0.02,0.05,1,46.0,90.0,1.0,1.0,197.0,0.623,12913.0,0.993,32118.0,31125.0,622.0,227.0,0.0
seed_count,5,BA,6,0.15,0.05,5,5.0,8.0,1.0,1.0,719.0,0.998,20722.0,0.995,7794.0,6799.0,993.0,155.0,0.0
seed_count,5,BA,6,0.02,0.05,5,31.0,57.0,1.0,1.0,250.0,0.73,15213.0,0.995,35615.0,34620.0,725.0,195.0,0.0
seed_count,10,BA,6,0.15,0.05,10,3.0,6.0,1.0,1.0,747.0,0.997,20173.0,0.99,7248.0,6258.0,987.0,216.0,0.0
seed_count,10,BA,6,0.02,0.05,10,26.0,60.0,1.0,1.0,198.0,0.659,13443.0,0.987,32891.0,31904.0,649.0,174.0,0.0
seed_count,1,BA,7,0.15,0.05,1,8.0,11.0,1.0,1.0,731.0,0.99,18636.0,0.999,7474.0,6475.0,989.0,158.0,0.0
seed_count,1,BA,7,0.02,0.05,1,,,0.0,0.0,1.0,0.001,15.0,0.004,60.0,56.0,0.0,15.0,0.0
seed_count,5,BA,7,0.15,0.05,5,5.0,7.0,1.0,1.0,727.0,0.999,20254.0,0.995,7163.0,6168.0,994.0,142.0,0.0
seed_count,5,BA,7,0.02,0.05,5,40.0,82.0,1.0,1.0,198.0,0.63,12693.0,0.993,33260.0,32267.0,625.0,239.0,0.0
seed_count,10,BA,7,0.15,0.05,10,5.0,8.0,1.0,1.0,759.0,0.994,20816.0,0.99,7446.0,6456.0,984.0,154.0,0.0
seed_count,10,BA,7,0.02,0.05,10,21.0,63.0,1.0,1.0,188.0,0.679,13341.0,0.985,34488.0,33503.0,669.0,245.0,0.0
seed_count,1,BA,8,0.15,0.05,1,5.0,8.0,1.0,1.0,726.0,0.991,19107.0,0.999,7202.0,6203.0,990.0,216.0,0.0
seed_count,1,BA,8,0.02,0.05,1,,,0.0,0.0,1.0,0.001,3.0,0.008,24.0,16.0,0.0,3.0,0.0
seed_count,5,BA,8,0.15,0.05,5,6.0,9.0,1.0,1.0,731.0,0.997,20135.0,0.995,7520.0,6525.0,992.0,218.0,0.0
seed_count,5,BA,8,0.02,0.05,5,34.0,69.0,1.0,1.0,201.0,0.671,12978.0,0.992,33803.0,32811.0,666.0,253.0,0.0
seed_count,10,BA,8,0.15,0.05,10,3.0,6.0,1.0,1.0,751.0,0.994,20705.0,0.99,7155.0,6165.0,984.0,155.0,0.0
seed_count,10,BA,8,0.02,0.05,10,15.0,48.0,1.0,1.0,217.0,0.713,14328.0,0.99,33775.0,32785.0,703.0,191.0,0.0
seed_count,1,BA,9,0.15,0.05,1,7.0,10.0,1.0,1.0,742.0,0.999,20086.0,0.999,7431.0,6432.0,998.0,141.0,0.0
seed_count,1,BA,9,0.02,0.05,1,,,0.0,0.0,1.0,0.001,3.0,0.011,33.0,22.0,0.0,3.0,0.0
seed_count,5,BA,9,0.15,0.05,5,5.0,8.0,1.0,1.0,744.0,0.988,19821.0,0.995,7198.0,6203.0,983.0,155.0,0.0
seed_count,5,BA,9,0.02,0.05,5,37.0,66.0,1.0,1.0,259.0,0.748,16295.0,0.994,37987.0,36993.0,743.0,210.0,0.0
seed_count,10,BA,9,0.15,0.05,10,4.0,7.0,1.0,1.0,732.0,0.997,19324.0,0.99,7684.0,6694.0,987.0,158.0,0.0
seed_count,10,BA,9,0.02,0.05,10,28.0,57.0,1.0,1.0,238.0,0.72,15033.0,0.989,35106.0,34117.0,710.0,190.0,0.0
seed_count,1,BA,11,0.15,0.05,1,9.0,12.0,1.0,1.0,741.0,0.994,20298.0,0.999,7618.0,6619.0,993.0,206.0,0.0
seed_count,1,BA,11,0.02,0.05,1,35.0,75.0,1.0,1.0,192.0,0.667,12934.0,0.996,34348.0,33352.0,666.0,202.0,0.0
seed_count,5,BA,11,0.15,0.05,5,5.0,8.0,1.0,1.0,749.0,0.993,19643.0,0.995,7293.0,6298.0,988.0,153.0,0.0
seed_count,5,BA,11,0.02,0.05,5,32.0,67.0,1.0,1.0,202.0,0.647,12304.0,0.992,32933.0,31941.0,642.0,184.0,0.0
seed_count,10,BA,11,0.15,0.05,10,4.0,7.0,1.0,1.0,745.0,0.994,20949.0,0.99,7321.0,6331.0,984.0,144.0,0.0
seed_count,10,BA,11,0.02,0.05,10,17.0,44.0,1.0,1.0,232.0,0.72,14098.0,0.988,34858.0,33870.0,710.0,206.0,0.0
seed_count,1,BA,10,0.15,0.05,1,6.0,9.0,1.0,1.0,718.0,0.99,19191.0,0.999,7338.0,6339.0,989.0,236.0,0.0
seed_count,1,BA,10,0.02,0.05,1,48.0,83.0,1.0,1.0,207.0,0.642,12764.0,0.993,32582.0,31589.0,641.0,223.0,0.0
seed_count,5,BA,10,0.15,0.05,5,4.0,7.0,1.0,1.0,735.0,0.996,20442.0,0.995,7374.0,6379.0,991.0,145.0,0.0
seed_count,5,BA,10,0.02,0.05,5,26.0,57.0,1.0,1.0,224.0,0.674,13621.0,0.991,34646.0,33655.0,669.0,210.0,0.0
seed_count,10,BA,10,0.15,0.05,10,4.0,7.0,1.0,1.0,751.0,0.99,19999.0,0.99,7623.0,6633.0,980.0,140.0,0.0
seed_count,10,BA,10,0.02,0.05,10,24.0,53.0,1.0,1.0,227.0,0.689,14125.0,0.989,33360.0,32371.0,679.0,181.0,0.0
seed_count,1,BA,13,0.15,0.05,1,13.0,16.0,1.0,1.0,767.0,0.998,19635.0,0.999,7458.0,6459.0,997.0,146.0,0.0
seed_count,1,BA,13,0.02,0.05,1,,,0.0,0.0,1.0,0.001,7.0,0.006,42.0,36.0,0.0,7.0,0.0
seed_count,5,BA,13,0.15,0.05,5,4.0,7.0,1.0,1.0,726.0,0.996,20109.0,0.995,7653.0,6658.0,991.0,124.0,0.0
seed_count,5,BA,13,0.02,0.05,5,28.0,72.0,1.0,1.0,195.0,0.66,13867.0,0.99,33549.0,32559.0,655.0,205.0,0.0
seed_count,10,BA,13,0.15,0.05,10,4.0,7.0,1.0,1.0,722.0,0.992,19259.0,0.99,7309.0,6319.0,982.0,166.0,0.0
seed_count,10,BA,13,0.02,0.05,10,15.0,45.0,1.0,1.0,245.0,0.707,13874.0,0.99,33533.0,32543.0,697.0,197.0,0.0
seed_count,1,BA,12,0.15,0.05,1,6.0,9.0,1.0,1.0,735.0,0.995,19750.0,0.999,7457.0,6458.0,994.0,125.0,0.0
seed_count,1,BA,12,0.02,0.05,1,,,0.0,0.0,1.0,0.001,9.0,0.007,63.0,56.0,0.0,9.0,0.0
seed_count,5,BA,12,0.15,0.05,5,5.0,8.0,1.0,1.0,758.0,0.998,19889.0,0.995,7546.0,6551.0,993.0,199.0,0.0
seed_count,5,BA,12,0.02,0.05,5,17.0,60.0,1.0,1.0,178.0,0.625,12191.0,0.993,31097.0,30104.0,620.0,195.0,0.0
seed_count,10,BA,12,0.15,0.05,10,3.0,7.0,1.0,1.0,712.0,0.994,19077.0,0.99,7605.0,6615.0,984.0,153.0,0.0
seed_count,10,BA,12,0.02,0.05,10,21.0,52.0,1.0,1.0,212.0,0.669,13898.0,0.985,34543.0,33558.0,659.0,186.0,0.0
seed_count,1,BA,14,0.15,0.05,1,9.0,12.0,1.0,1.0,744.0,0.999,19952.0,0.999,7556.0,6557.0,998.0,197.0,0.0
seed_count,1,BA,14,0.02,0.05,1,64.0,97.0,1.0,1.0,225.0,0.738,15638.0,0.997,37690.0,36693.0,737.0,258.0,0.0
seed_count,5,BA,14,0.15,0.05,5,6.0,9.0,1.0,1.0,732.0,0.996,19394.0,0.995,7573.0,6578.0,991.0,117.0,0.0
seed_count,5,BA,14,0.02,0.05,5,,,0.0,0.0,5.0,0.01,92.0,0.076,574.0,498.0,5.0,36.0,0.0
seed_count,10,BA,14,0.15,0.05,10,5.0,8.0,1.0,1.0,721.0,0.994,18815.0,0.99,7432.0,6442.0,984.0,153.0,0.0
seed_count,10,BA,14,0.02,0.05,10,22.0,51.0,1.0,1.0,220.0,0.668,13038.0,0.987,33402.0,32415.0,658.0,196.0,0.0
seed_count,1,BA,15,0.15,0.05,1,10.0,13.0,1.0,1.0,749.0,0.999,20073.0,0.999,7376.0,6377.0,998.0,148.0,0.0
seed_count,1,BA,15,0.02,0.05,1,,,0.0,0.0,1.0,0.001,3.0,0.003,9.0,6.0,0.0,3.0,0.0
seed_count,5,BA,15,0.15,0.05,5,4.0,7.0,1.0,1.0,753.0,0.993,20290.0,0.995,7681.0,6686.0,988.0,154.0,0.0
seed_count,5,BA,15,0.02,0.05,5,42.0,72.0,1.0,1.0,224.0,0.628,11874.0,0.993,33243.0,32250.0,623.0,197.0,0.0
seed_count,10,BA,15,0.15,0.05,10,3.0,6.0,1.0,1.0,775.0,0.994,20726.0,0.99,7348.0,6358.0,984.0,286.0,0.0
seed_count,10,BA,15,0.02,0.05,10,32.0,67.0,1.0,1.0,221.0,0.67,13182.0,0.987,34481.0,33494.0,660.0,186.0,0.0
seed_count,1,BA,16,0.15,0.05,1,9.0,12.0,1.0,1.0,728.0,0.994,18771.0,0.999,7283.0,6284.0,993.0,124.0,0.0
seed_count,1,BA,16,0.02,0.05,1,,,0.0,0.0,1.0,0.001,1.0,0.003,3.0,0.0,0.0,1.0,0.0
seed_count,5,BA,16,0.15,0.05,5,5.0,8.0,1.0,1.0,745.0,0.995,19787.0,0.995,7466.0,6471.0,990.0,151.0,0.0
seed_count,5,BA,16,0.02,0.05,5,17.0,50.0,1.0,1.0,201.0,0.692,12668.0,0.993,33611.0,32618.0,687.0,167.0,0.0
seed_count,10,BA,16,0.15,0.05,10,4.0,7.0,1.0,1.0,724.0,0.994,20538.0,0.99,7596.0,6606.0,984.0,152.0,0.0
seed_count,10,BA,16,0.02,0.05,10,35.0,71.0,1.0,1.0,204.0,0.694,14236.0,0.989,33977.0,32988.0,684.0,210.0,0.0
seed_count,1,BA,17,0.15,0.05,1,6.0,9.0,1.0,1.0,741.0,0.991,19686.0,0.999,7487.0,6488.0,990.0,149.0,0.0
seed_count,1,BA,17,0.02,0.05,1,,,0.0,0.0,1.0,0.001,5.0,0.003,15.0,12.0,0.0,5.0,0.0
seed_count,5,BA,17,0.15,0.05,5,5.0,8.0,1.0,1.0,742.0,0.994,19955.0,0.995,7768.0,6773.0,989.0,135.0,0.0
seed_count,5,BA,17,0.02,0.05,5,22.0,55.0,1.0,1.0,223.0,0.697,13949.0,0.992,35096.0,34104.0,692.0,211.0,0.0
seed_count,10,BA,17,0.15,0.05,10,4.0,7.0,1.0,1.0,753.0,0.994,20213.0,0.99,7486.0,6496.0,984.0,168.0,0.0
seed_count,10,BA,17,0.02,0.05,10,30.0,79.0,1.0,1.0,154.0,0.667,13129.0,0.988,32082.0,31094.0,657.0,258.0,0.0
seed_count,1,BA,19,0.15,0.05,1,10.0,13.0,1.0,1.0,766.0,0.999,20194.0,0.999,7660.0,6661.0,998.0,161.0,0.0
seed_count,1,BA,19,0.02,0.05,1,61.0,91.0,1.0,1.0,226.0,0.686,13800.0,0.994,35713.0,34719.0,685.0,217.0,0.0
seed_count,5,BA,19,0.15,0.05,5,5.0,8.0,1.0,1.0,728.0,0.994,19259.0,0.995,7447.0,6452.0,989.0,141.0,0.0
seed_count,5,BA,19,0.02,0.05,5,28.0,59.0,1.0,1.0,222.0,0.663,13587.0,0.989,32928.0,31939.0,658.0,308.0,0.0
seed_count,10,BA,19,0.15,0.05,10,4.0,7.0,1.0,1.0,742.0,0.993,19053.0,0.99,7607.0,6617.0,983.0,109.0,0.0
seed_count,10,BA,19,0.02,0.05,10,23.0,70.0,1.0,1.0,181.0,0.664,13433.0,0.989,36306.0,35317.0,654.0,234.0,0.0
seed_count,1,BA,18,0.15,0.05,1,6.0,9.0,1.0,1.0,704.0,0.985,20120.0,0.999,7531.0,6532.0,984.0,134.0,0.0
seed_count,1,BA,18,0.02,0.05,1,34.0,68.0,1.0,1.0,198.0,0.709,14338.0,0.999,35989.0,34990.0,708.0,252.0,0.0
seed_count,5,BA,18,0.15,0.05,5,7.0,10.0,1.0,1.0,746.0,0.995,21172.0,0.995,7068.0,6073.0,990.0,204.0,0.0
seed_count,5,BA,18,0.02,0.05,5,68.0,109.0,1.0,1.0,187.0,0.65,12876.0,0.991,31690.0,30699.0,645.0,275.0,0.0
seed_count,10,BA,18,0.15,0.05,10,4.0,7.0,1.0,1.0,733.0,0.996,20464.0,0.99,7369.0,6379.0,986.0,133.0,0.0
seed_count,10,BA,18,0.02,0.05,10,17.0,56.0,1.0,1.0,197.0,0.64,12821.0,0.986,31045.0,30059.0,630.0,179.0,0.0
